,date,bidhigh,bidlow,bidclose,bidopen,tickqty,timeframe,value1,peaks_min,peaks_max,ema30,ema50,ema100,buy,sell
0,202507012000,1.17976,1.17908,1.17958,1.1791099999999999,1452,m15,1,,,1.17958,1.17958,1.17958,0,0
1,202507012015,1.18021,1.17938,1.18019,1.17958,883,m15,1,,,1.1798951666666666,1.1798911,1.17988805,0,0
2,202507012030,1.18057,1.17993,1.18043,1.18019,1129,m15,1,,,1.1800854572380601,1.1800779656045863,1.1800723249225027,0,0
3,202507012045,1.18066,1.18025,1.18062,1.18043,1628,m15,1,,1.0,1.1802327432482427,1.1802217109156339,1.180213378362164,0,0
4,202507012100,1.18062,1.17981,1.18001,1.18062,129,m15,1,,,1.1801820637664295,1.1801759150130804,1.1801710595581665,0,0
5,202507012115,1.18008,1.1798899999999999,1.18003,1.18001,60,m15,1,,,1.180152314885905,1.1801491004426576,1.1801463586231757,0,0
6,202507012130,1.18025,1.1798899999999999,1.18022,1.18003,449,m15,1,,,1.1801640214673392,1.1801604840153368,1.180157520442705,0,0
7,202507012145,1.18034,1.18018,1.18026,1.18022,401,m15,1,,,1.180178997565931,1.1801747331748906,1.1801712448292043,0,0
8,202507012200,1.18063,1.18024,1.18059,1.18026,392,m15,1,,,1.180237751555791,1.1802285932290568,1.1802215813796781,0,0
9,202507012215,1.18063,1.18021,1.18045,1.18059,554,m15,1,,,1.180265886288803,1.1802549268799944,1.180246533239264,0,0
10,202507012230,1.18062,1.18041,1.18058,1.18045,431,m15,1,,,1.1803048713166242,1.180290735633983,1.1802799698668236,0,0
11,202507012245,1.18063,1.18023,1.18028,1.18058,355,m15,1,,,1.1803019581199612,1.1802896313759177,1.1802799726632476,0,0
12,202507012300,1.18045,1.17997,1.18032,1.18028,800,m15,1,,,1.1803039657487224,1.1802925681593954,1.1802834345670885,0,0
13,202507012315,1.18039,1.17992,1.18025,1.18032,571,m15,1,,,1.1802982289085873,1.180288675414976,1.1802807236439274,0,0
14,202507012330,1.18052,1.18021,1.1804999999999999,1.18025,797,m15,1,,,1.1803188178341653,1.1803070412080263,1.1802974762951315,0,0
15,202507012345,1.1806699999999999,1.18034,1.18051,1.1804999999999999,920,m15,1,,,1.1803376206805645,1.1803238770089117,1.1803128433076018,0,0
16,202507020000,1.18057,1.18003,1.18021,1.18051,2873,m15,1,,,1.1803254799074252,1.1803148265365861,1.1803057779555437,0,0
17,202507020015,1.18041,1.17998,1.18004,1.18021,1801,m15,1,,,1.1802991284807787,1.1802938297956649,1.180288370175344,0,0
18,202507020030,1.18015,1.17991,1.18002,1.18004,1378,m15,1,,,1.180274059970593,1.1802736592337537,1.1802715607270913,0,0
19,202507020045,1.1808,1.18002,1.18074,1.18002,2167,m15,1,,,1.180314873679507,1.1803068665029313,1.1802996964193457,0,0
20,202507020100,1.18097,1.18037,1.18066,1.18074,1982,m15,1,,,1.1803444228494895,1.1803312329475553,1.1803204996467533,0,0
21,202507020115,1.1809,1.18057,1.18086,1.18066,1421,m15,1,,,1.1803876534846807,1.180366662942065,1.180350510840167,0,0
22,202507020130,1.18093,1.18048,1.18089,1.18086,1576,m15,1,,1.0,1.1804289758634168,1.1804007809858983,1.1803794834449068,0,0
23,202507020145,1.181,1.1792,1.17935,1.18089,2901,m15,1,1.0,,1.180341767988784,1.180334011662405,1.180326009170962,1,0
24,202507020200,1.17949,1.17882,1.17936,1.17935,2799,m15,1,,,1.1802636902437054,1.180273590321838,1.1802773944479026,0,0
25,202507020215,1.1798,1.1793,1.17979,1.17936,1770,m15,1,,,1.1802265758950152,1.1802442607635526,1.1802535926747986,0,0
26,202507020230,1.17999,1.1797,1.17979,1.17979,1115,m15,1,,,1.1801928363119947,1.1802172881595612,1.180231591994798,0,0
27,202507020245,1.18018,1.17973,1.18001,1.17979,1839,m15,1,,,1.1801788844159957,1.180205223270581,1.1802213589166086,0,0
28,202507020300,1.18029,1.17973,1.18016,1.18001,1472,m15,1,,1.0,1.1801774601762631,1.1802026401669674,1.1802185981948257,-1,1
29,202507020315,1.18025,1.17978,1.17984,1.18016,1173,m15,1,,,1.1801522838284635,1.1801822908761492,1.18020198249245,0,0
30,202507020330,1.18011,1.17979,1.17984,1.17984,1252,m15,1,,,1.180129218484151,1.1801634026553889,1.1801864696445203,0,0
31,202507020345,1.18005,1.17959,1.18002,1.17984,1355,m15,1,,,1.1801212262654823,1.1801556137988503,1.1801794963055563,0,0
32,202507020400,1.18011,1.1798899999999999,1.18002,1.18002,1017,m15,1,,,1.1801138824881525,1.1801483575522411,1.1801729594597004,0,0
33,202507020415,1.18004,1.17985,1.1798899999999999,1.18002,791,m15,1,,,1.1800977696484611,1.1801347284660944,1.1801616031156101,0,0
34,202507020430,1.18003,1.17956,1.1797,1.1798899999999999,1157,m15,1,,,1.1800693539457652,1.1801121016214626,1.1801434462254168,0,0
35,202507020445,1.17973,1.17957,1.17961,1.1797,804,m15,1,,,1.1800367643768894,1.1800862992338563,1.1801228654215508,0,0
36,202507020500,1.17982,1.17907,1.17927,1.17961,1699,m15,1,,,1.1799827126785225,1.1800448551185416,1.1800905676714935,0,0
37,202507020515,1.1792799999999999,1.17885,1.17924,1.17927,1324,m15,1,,,1.1799306675411796,1.1800044588108816,1.180058928582435,0,0
38,202507020530,1.17956,1.1792,1.17938,1.17924,1420,m15,1,,,1.1798922931444296,1.179973456982966,1.180034105865121,0,0
39,202507020545,1.17938,1.17846,1.17871,1.17938,2642,m15,1,,,1.1798103264656288,1.1799113789947742,1.1799864924155716,0,0
40,202507020600,1.17935,1.1787,1.17913,1.17871,2558,m15,1,,,1.1797633863089863,1.1798733641782135,1.179956183551426,0,0
41,202507020615,1.1793,1.17847,1.17861,1.17913,2548,m15,1,,,1.1796841616280738,1.1798124748390273,1.1799092769411526,0,0
42,202507020630,1.17885,1.17794,1.17808,1.17861,3177,m15,1,,,1.179574431610683,1.1797297193396128,1.1798464819291115,0,0
43,202507020645,1.17822,1.17733,1.17814,1.17808,2981,m15,1,,,1.1794766916299937,1.1796544267398241,1.1797887409309786,0,0
44,202507020700,1.17833,1.17762,1.17827,1.17814,3563,m15,1,,,1.1793947662659185,1.1795893870946292,1.1797380636102262,0,0
45,202507020715,1.17835,1.1777,1.17776,1.17827,3192,m15,1,,,1.1792841513079222,1.1795041055524627,1.1796729430441149,0,0
46,202507020730,1.17829,1.1771099999999999,1.17781,1.17776,3764,m15,1,,,1.1791847172273167,1.1794257107715818,1.179612406606071,0,0
47,202507020745,1.1780599999999999,1.17735,1.1774,1.17781,3065,m15,1,,,1.179064687294974,1.1793326280527618,1.1795414154265091,0,0
48,202507020800,1.17788,1.17706,1.17765,1.1774,3193,m15,1,,,1.1789698032817482,1.179255827455486,1.179481460726391,0,0
49,202507020815,1.17782,1.177,1.17775,1.17765,2992,m15,1,,,1.1788881987297875,1.1791875355603085,1.1794272215699606,0,0
50,202507020830,1.17812,1.1774499999999999,1.17785,1.17775,3026,m15,1,,1.0,1.1788189086418295,1.17912724593577,1.1793783769276731,0,0
51,202507020845,1.17814,1.17729,1.17755,1.17785,2858,m15,1,,,1.1787344087918572,1.1790565654785985,1.1793223796193075,0,0
52,202507020900,1.17776,1.17708,1.17716,1.17755,2581,m15,1,,,1.178629782158736,1.1789720485216673,1.17925686209652,0,0
53,202507020915,1.17742,1.17671,1.1769,1.17716,2636,m15,1,1.0,,1.1785150526523795,1.1788802026290408,1.1791861937797694,0,-1
54,202507020930,1.17721,1.17672,1.17718,1.1769,2318,m15,1,,,1.1784266639404142,1.1788052224080958,1.179126646244495,0,0
55,202507020945,1.17755,1.17673,1.17702,1.17718,2950,m15,1,,,1.1783336912468259,1.1787268754808236,1.1790647288303655,0,0
56,202507021000,1.17809,1.17702,1.17798,1.17702,2211,m15,1,,1.0,1.1783103510533997,1.17869425021099,1.1790331498893047,0,1
57,202507021015,1.17803,1.17724,1.17726,1.17798,2111,m15,1,,,1.1782411400956811,1.178631877401273,1.1789820056034221,0,0
58,202507021030,1.1777199999999999,1.17712,1.17755,1.17726,1785,m15,1,,,1.1781956613117344,1.1785850287703596,1.1789410713151036,0,0
59,202507021045,1.17762,1.17646,1.17675,1.17755,3012,m15,1,,,1.1781006553223434,1.1785058898329346,1.1788789842467176,0,0
60,202507021100,1.1771099999999999,1.17652,1.177,1.17675,2272,m15,1,,,1.1780284092725655,1.178441198623317,1.1788261911598976,0,0
61,202507021115,1.17705,1.17621,1.17629,1.177,2163,m15,1,,,1.1779144296114228,1.1783491303483304,1.1787555189865007,0,0
62,202507021130,1.17636,1.17539,1.17571,1.17629,3376,m15,1,,,1.1777700466073087,1.1782365825302548,1.1786713329843346,0,0
63,202507021145,1.17582,1.1746699999999999,1.17498,1.17571,6710,m15,1,1.0,,1.177587486610085,1.1780981777154327,1.1785700888319597,0,-1
64,202507021200,1.17574,1.17472,1.17527,1.17498,7636,m15,1,,,1.1774359862863495,1.1779783735892202,1.1784802605313005,0,0
65,202507021215,1.1788399999999999,1.17519,1.17777,1.17527,13572,m15,1,,1.0,1.177457802972638,1.1779695743737753,1.1784610696227518,0,1
66,202507021230,1.17778,1.17546,1.17615,1.17777,9777,m15,1,,,1.1773724498827276,1.1778929680196781,1.1783990730620963,0,0
67,202507021245,1.17664,1.17541,1.17564,1.17615,7690,m15,1,,,1.177259466981775,1.1777983881678167,1.1783255746467842,0,0
68,202507021300,1.17775,1.17547,1.17739,1.17564,8244,m15,1,,,1.1772679738306133,1.1777812912495944,1.1783008212885882,0,0
69,202507021315,1.1774499999999999,1.17603,1.17652,1.17739,6653,m15,1,,,1.1772192601640241,1.1777286275611119,1.1782540159963917,0,0
70,202507021330,1.17724,1.17571,1.17707,1.17652,6186,m15,1,,,1.1772095451619873,1.177701196986622,1.1782230969129917,0,0
71,202507021345,1.17713,1.17556,1.17598,1.17707,7546,m15,1,,,1.1771295626013607,1.1776296863759463,1.178164888664481,0,0
72,202507021400,1.17651,1.17533,1.1756199999999999,1.17598,7019,m15,1,1.0,,1.177031417207452,1.1775463840956562,1.1780992524649265,0,-1
73,202507021415,1.17708,1.1754,1.17627,1.1756199999999999,5104,m15,1,,,1.176981937794391,1.1774935954463883,1.1780523544044528,0,0
74,202507021430,1.17675,1.17579,1.17592,1.17627,5443,m15,1,,,1.176912961782348,1.1774286538633578,1.1779980026570567,0,0
75,202507021445,1.17689,1.17506,1.17674,1.17592,8371,m15,1,,,1.1769017323066355,1.177400291677407,1.1779661186568315,0,0
76,202507021500,1.17784,1.17658,1.17778,1.17674,5672,m15,1,,,1.1769587302089264,1.1774158992161545,1.1779614274938055,0,0
77,202507021515,1.17833,1.17747,1.17798,1.17778,4971,m15,1,,,1.1770249833686703,1.1774390423245165,1.1779618931022457,0,0
78,202507021530,1.17854,1.17797,1.17847,1.17798,4068,m15,1,,,1.177118692919859,1.1774812625050024,1.177974564474694,0,0
79,202507021545,1.17898,1.17825,1.17893,1.17847,4008,m15,1,,,1.1772361172404264,1.177540488908766,1.17799826974665,0,0
80,202507021600,1.1794,1.17854,1.17874,1.17893,3998,m15,1,,,1.177333581258605,1.1775894450440503,1.1780165810647856,0,0
81,202507021615,1.17923,1.1786699999999999,1.17878,1.17874,3550,m15,1,,,1.1774272937581045,1.1776379581385197,1.1780353361931208,0,0
82,202507021630,1.17914,1.17865,1.17865,1.17878,2449,m15,1,,,1.1775064904383856,1.1776791340204098,1.1780503651945267,0,0
83,202507021645,1.17896,1.17856,1.17883,1.17865,2463,m15,1,,,1.1775921944165941,1.177725889350518,1.1780693396551305,0,0
84,202507021700,1.17995,1.17883,1.17986,1.17883,2741,m15,1,,1.0,1.1777390112836315,1.177812468069292,1.1781127233046829,0,1
85,202507021715,1.18002,1.17904,1.17932,1.17986,2518,m15,1,,,1.1778413410195394,1.1778735444657074,1.1781418440068898,0,0
86,202507021730,1.1798,1.17932,1.17957,1.17932,1577,m15,1,,,1.1779532053535426,1.1779421858147618,1.1781761443916674,0,0
87,202507021745,1.17991,1.1794499999999999,1.17953,1.17957,1668,m15,1,,,1.1780552223554615,1.1780063514117471,1.1782085237972062,0,0
88,202507021800,1.17971,1.17933,1.1797,1.17953,1343,m15,1,,,1.1781616183334882,1.178074712180563,1.1782440484326835,0,0
89,202507021815,1.17982,1.17939,1.1798,1.1797,1771,m15,1,,,1.1782675824518514,1.1781442701981084,1.17828096051485,0,0
90,202507021830,1.17999,1.17974,1.17997,1.1798,1832,m15,1,,,1.1783776705509088,1.1782177967528373,1.1783208733572057,0,0
91,202507021845,1.17999,1.17955,1.17995,1.17997,2397,m15,1,,,1.1784793311960686,1.178287483127169,1.1783592236047604,0,0
92,202507021900,1.17998,1.17969,1.17973,1.17995,1533,m15,1,,,1.1785601832129566,1.178345456647898,1.1783913720079922,0,0
93,202507021915,1.17988,1.17951,1.1797,1.17973,1496,m15,1,,,1.1786338593329113,1.1783998416463999,1.1784219512274983,0,0
94,202507021930,1.17995,1.17963,1.17967,1.1797,1628,m15,1,,,1.1787008257783738,1.1784507909762698,1.1784510112579178,0,0
95,202507021945,1.18032,1.17965,1.18024,1.17967,1623,m15,1,,1.0,1.1788002922187006,1.1785224964559318,1.1784925221779414,0,0
96,202507022000,1.18025,1.17956,1.17988,1.18024,1542,m15,1,,,1.1788700589709713,1.1785768538330155,1.1785246074715476,0,0
97,202507022015,1.1798899999999999,1.1796,1.1797,1.17988,694,m15,1,,,1.1789236813399113,1.1786217898954225,1.1785516982919935,0,0
98,202507022030,1.17975,1.17955,1.17966,1.1797,572,m15,1,,,1.178971250322823,1.178663294812396,1.1785771601241921,0,0
99,202507022045,1.17995,1.17958,1.17986,1.17966,995,m15,1,,,1.1790286618952786,1.1787110995346661,1.1786065385691034,0,0
100,202507022100,1.17986,1.17937,1.17963,1.17986,66,m15,1,,,1.1790675040305854,1.1787477799825112,1.1786299045482023,0,0
101,202507022115,1.1798,1.17947,1.17955,1.17963,202,m15,1,,,1.1790986674244557,1.178779780341695,1.1786508472240877,0,0
102,202507022130,1.17955,1.17919,1.1792,1.17955,329,m15,1,1.0,,1.179105211811531,1.1787965315090858,1.1786633098368848,1,-1
103,202507022145,1.17966,1.17876,1.17949,1.1792,586,m15,1,,,1.1791300610154576,1.1788241572835954,1.178682016847945,0,0
104,202507022200,1.18002,1.17937,1.17998,1.17949,641,m15,1,,1.0,1.1791849457073413,1.1788701741114092,1.1787113058615413,-1,0
105,202507022215,1.18001,1.1797199999999999,1.17994,1.17998,533,m15,1,,,1.1792337003699616,1.1789127410075941,1.1787389549717315,0,0
106,202507022230,1.17997,1.1798,1.17983,1.17994,301,m15,1,,,1.1792722019590864,1.1789492165793598,1.1787634404538236,0,0
107,202507022245,1.17998,1.17967,1.17983,1.17983,350,m15,1,,,1.1793082157451977,1.1789842224109859,1.1787873133966236,0,0
108,202507022300,1.17998,1.1797199999999999,1.17997,1.17983,436,m15,1,,,1.1793509412643646,1.1790233804412729,1.1788137174737163,0,0
109,202507022315,1.18001,1.1799,1.17996,1.17997,419,m15,1,,,1.1793902609978093,1.1790605669030487,1.1788392443935145,0,0
110,202507022330,1.18002,1.17988,1.17998,1.17996,588,m15,1,,,1.1794283318825687,1.1790970532387246,1.1788645857072741,0,0
111,202507022345,1.18023,1.1798,1.17986,1.17998,1091,m15,1,,,1.1794561973288307,1.1791273154892894,1.1788866451178979,0,0
112,202507030000,1.1803,1.17978,1.18011,1.17986,1990,m15,1,,,1.1794984006601406,1.1791662761243842,1.1789136921224628,0,0
113,202507030015,1.1807,1.1801,1.18035,1.18011,2102,m15,1,,,1.1795533699851355,1.1792131871561264,1.1789453741916351,0,0
114,202507030030,1.18079,1.18007,1.18076,1.18035,1483,m15,1,,,1.1796312534425601,1.1792744620305682,1.178985311096923,0,0
115,202507030045,1.18087,1.18055,1.18065,1.18076,2128,m15,1,,,1.179697007743671,1.1793289304097523,1.179021867482918,0,0
116,202507030100,1.18098,1.18047,1.18089,1.18065,1780,m15,1,,,1.179774006444005,1.1793907218307569,1.1790628031329353,0,0
117,202507030115,1.18101,1.18075,1.1809399999999999,1.18089,1247,m15,1,,1.0,1.1798492605964008,1.17945202401338,1.1791038507703104,0,0
118,202507030130,1.18096,1.18066,1.18072,1.1809399999999999,1312,m15,1,,,1.179905457424525,1.1795021778877417,1.1791391174147152,0,0
119,202507030145,1.18086,1.18038,1.18044,1.18072,1349,m15,1,,,1.1799399555808778,1.1795392602082972,1.1791674472884663,0,0
120,202507030200,1.18047,1.1796,1.17984,1.18044,1799,m15,1,,,1.179933504815339,1.1795511478612797,1.1791820648788702,0,0
121,202507030215,1.17986,1.17944,1.1795,1.17984,1238,m15,1,,,1.1799055285739704,1.1795491267181353,1.179188961708492,0,0
122,202507030230,1.17999,1.1794499999999999,1.17985,1.1795,1189,m15,1,,,1.1799019451041006,1.1795610123683753,1.1792032742682181,0,0
123,202507030245,1.18003,1.17965,1.17978,1.17985,1225,m15,1,,,1.179894075662238,1.1795696607288566,1.1792157382690882,0,0
124,202507030300,1.17992,1.17946,1.17977,1.17978,1032,m15,1,,,1.179886068862148,1.1795775704304858,1.1792276951474616,0,0
125,202507030315,1.17994,1.17943,1.17948,1.17977,1136,m15,1,,,1.1798598649969643,1.179573719224106,1.1792331284041282,0,0
126,202507030330,1.1796,1.17917,1.17935,1.17948,1050,m15,1,,,1.1798269635814105,1.1795648910479364,1.179235640821708,0,0
127,202507030345,1.17949,1.17893,1.17915,1.17935,1274,m15,1,,,1.1797832799419397,1.1795485230620728,1.179233802895574,0,0
128,202507030400,1.17932,1.1789,1.17912,1.17915,997,m15,1,,,1.1797404798329483,1.1795316212577849,1.1792313646317671,0,0
129,202507030415,1.17927,1.17898,1.17898,1.17912,678,m15,1,,,1.1796914081933036,1.1795098691378152,1.179225987791772,0,0
130,202507030430,1.1791099999999999,1.17887,1.1789,1.17898,790,m15,1,,,1.1796403413986656,1.1794858253518241,1.1792190257776838,0,0
131,202507030445,1.17909,1.17874,1.17893,1.1789,1085,m15,1,,,1.1795945060349233,1.1794639167899033,1.1792128627308116,0,0
132,202507030500,1.17914,1.17879,1.17882,1.17893,958,m15,1,1.0,,1.1795445308796686,1.179438541082053,1.179204498241522,1,0
133,202507030515,1.17899,1.17877,1.17887,1.17882,885,m15,1,,,1.179501007035818,1.1794161401237924,1.1791973869875196,0,0
134,202507030530,1.17916,1.17866,1.17909,1.17887,1254,m15,1,,,1.1794744871909517,1.1794032923286848,1.1791951073200895,0,0
135,202507030545,1.17961,1.17908,1.1796,1.17909,1787,m15,1,,,1.1794825857233806,1.1794110399513065,1.1792036903506882,0,0
136,202507030600,1.18021,1.17955,1.1797,1.1796,2997,m15,1,,,1.1794966139609038,1.1794224191267952,1.1792141965943745,0,0
137,202507030615,1.17982,1.17926,1.17968,1.1797,2233,m15,1,,,1.179508446509749,1.17943256093415,1.179224043601334,0,0
138,202507030630,1.17985,1.17916,1.17967,1.17968,3151,m15,1,,,1.1795188702974821,1.1794419082190086,1.1792334584501516,0,0
139,202507030645,1.1803,1.17948,1.18023,1.17967,2564,m15,1,,,1.1795647536764469,1.1794729284018184,1.179254469510853,0,0
140,202507030700,1.18032,1.17942,1.17977,1.18023,3595,m15,1,,,1.1795779964664281,1.1794846197750923,1.1792653250278937,0,0
141,202507030715,1.18078,1.1797,1.18072,1.17977,3070,m15,1,,,1.1796516797960588,1.1795332318730047,1.1792959177009752,0,0
142,202507030730,1.18101,1.1804999999999999,1.1808,1.18072,3029,m15,1,,1.0,1.1797257703155855,1.1795830723923004,1.1793275106239192,-1,0
143,202507030745,1.1808,1.18009,1.18014,1.1808,3373,m15,1,,,1.1797524966150639,1.1796049816762264,1.179344556284723,0,0
144,202507030800,1.18083,1.1800599999999999,1.18065,1.18014,2807,m15,1,,,1.1798104037151667,1.1796460871397774,1.1793719116924382,0,0
145,202507030815,1.18071,1.17971,1.17994,1.18065,2762,m15,1,,,1.1798187652596417,1.179657646733155,1.1793838022024856,0,0
146,202507030830,1.18034,1.17955,1.17977,1.17994,2592,m15,1,,,1.1798156189400224,1.1796620650822771,1.1793918764951588,0,0
147,202507030845,1.18019,1.17971,1.17979,1.17977,2622,m15,1,,,1.1798139660197495,1.1796670956352553,1.1794001909314953,0,0
148,202507030900,1.17982,1.17908,1.17921,1.17979,2966,m15,1,,,1.1797749985859574,1.1796491239877964,1.1793962232654525,0,0
149,202507030915,1.1794499999999999,1.17894,1.179,1.17921,2487,m15,1,,,1.1797249964154886,1.1796236049403395,1.1793879662065498,0,0
150,202507030930,1.17927,1.17885,1.17905,1.179,2227,m15,1,,,1.1796814464168852,1.1796010569728794,1.1793809304894163,0,0
151,202507030945,1.1794499999999999,1.17888,1.17923,1.17905,2146,m15,1,,,1.1796523196886537,1.1795864723739515,1.17937779163533,0,0
152,202507031000,1.17954,1.17868,1.17889,1.17923,2592,m15,1,1.0,,1.1796031359519794,1.1795590996031013,1.1793676572662881,1,0
153,202507031015,1.17985,1.17887,1.17969,1.17889,1971,m15,1,,,1.1796087402782494,1.179564243808942,1.1793743477487493,0,0
154,202507031030,1.17998,1.17946,1.17988,1.17969,1739,m15,1,,1.0,1.179626241472605,1.1795766515645367,1.1793848329665022,-1,0
155,202507031045,1.18002,1.17926,1.17931,1.17988,1865,m15,1,,,1.179605838178419,1.1795661742281394,1.1793832826762742,0,0
156,202507031100,1.17969,1.17927,1.1792799999999999,1.17931,2058,m15,1,,,1.1795848157642694,1.179554930663322,1.1793811449580214,0,0
157,202507031115,1.17951,1.17914,1.17937,1.1792799999999999,1635,m15,1,,,1.1795709563150134,1.1795476654144266,1.179380914488994,0,0
158,202507031130,1.17957,1.1791099999999999,1.17932,1.17937,2063,m15,1,,,1.179554765183176,1.1795387219054654,1.1793796559289949,0,0
159,202507031145,1.17932,1.1783,1.17847,1.17932,3463,m15,1,,,1.179484778707763,1.179496741549251,1.179360877574848,0,0
160,202507031200,1.17879,1.17814,1.1783,1.17847,3346,m15,1,,,1.17940833971158,1.1794497355318063,1.1793389959087135,0,0
161,202507031215,1.17898,1.17822,1.17857,1.1783,3207,m15,1,,,1.1793542521796236,1.1794151831481519,1.1793231476546302,0,0
162,202507031230,1.17862,1.17168,1.17348,1.17857,23867,m15,1,1.0,,1.178975260964483,1.1791820876607773,1.1792028231993392,0,0
163,202507031245,1.17408,1.17189,1.17383,1.17348,13783,m15,1,,,1.178643302741676,1.1789719045351197,1.179092271237961,0,0
164,202507031300,1.17527,1.17337,1.17518,1.17383,10160,m15,1,,,1.178419860138428,1.1788230000097522,1.1790118340691627,0,0
165,202507031315,1.17653,1.17518,1.17644,1.17518,7762,m15,1,,,1.178292125238639,1.178729426834545,1.1789589966509608,0,0
166,202507031330,1.17722,1.17566,1.17713,1.17644,7920,m15,1,,,1.1782171483253754,1.178666625419176,1.1789214484496127,0,0
167,202507031345,1.17793,1.17657,1.17734,1.17713,6345,m15,1,,1.0,1.1781605573402043,1.1786145381038953,1.1788890058633066,0,1
168,202507031400,1.17896,1.17608,1.17608,1.17734,8614,m15,1,,,1.178026326124413,1.1785150292030915,1.178831421608408,0,0
169,202507031415,1.17645,1.1752,1.1762,1.17608,6377,m15,1,,,1.1779084972283331,1.1784241426086763,1.1787775154282116,0,0
170,202507031430,1.17671,1.17524,1.17579,1.1762,6514,m15,1,,,1.1777718184640618,1.1783207323397518,1.1787163562699519,0,0
171,202507031445,1.17585,1.17511,1.1753,1.17579,5874,m15,1,1.0,,1.1776123446419313,1.1782021504405396,1.1786464648617063,0,-1
172,202507031500,1.17608,1.17491,1.1760599999999999,1.1753,4794,m15,1,,,1.1775121923976049,1.1781180615520137,1.1785935859559906,0,0
173,202507031515,1.17652,1.17558,1.1764,1.1760599999999999,3495,m15,1,,1.0,1.1774404373944811,1.178050622642536,1.17854876804674,0,1
174,202507031530,1.17662,1.1758,1.1760599999999999,1.1764,4575,m15,1,,,1.177351376157018,1.1779724878262503,1.178497951152965,0,0
175,202507031545,1.17637,1.17557,1.17569,1.1760599999999999,4242,m15,1,,,1.1772441897423913,1.1778829000831885,1.1784406523465298,0,0
176,202507031600,1.17582,1.17514,1.17569,1.17569,3535,m15,1,,,1.1771439186872243,1.1777968316197505,1.178384556652563,0,0
177,202507031615,1.17571,1.17446,1.17456,1.17569,3252,m15,1,,,1.176977213090559,1.1776697944004628,1.1783066063042325,0,0
178,202507031630,1.17465,1.17421,1.17425,1.17456,2945,m15,1,1.0,,1.1768012627084048,1.177535580624245,1.1782239743170595,0,-1
179,202507031645,1.17525,1.17398,1.17522,1.17425,2622,m15,1,,,1.1766992451354392,1.1774447057601736,1.1781628188835456,0,0
180,202507031700,1.17561,1.17503,1.17543,1.17522,1783,m15,1,,,1.1766173578839236,1.1773656410318223,1.1781072146064646,0,0
181,202507031715,1.1758,1.17542,1.17578,1.17543,695,m15,1,,1.0,1.1765633345054443,1.1773034161877263,1.1780598888886338,0,1
182,202507031730,1.17583,1.17519,1.17536,1.17578,1042,m15,1,,,1.176485699632445,1.1772271533391054,1.1780050138417548,0,0
183,202507031745,1.1754,1.17511,1.17539,1.17536,1042,m15,1,,,1.1764150090024148,1.177155062290904,1.1779518916542038,0,0
184,202507031800,1.17564,1.17514,1.17563,1.17539,1475,m15,1,,,1.1763643630383704,1.1770952193834945,1.17790474819278,0,0
185,202507031815,1.17565,1.17498,1.17514,1.17563,879,m15,1,,,1.1762853715507628,1.1770184991015524,1.1778486411767948,0,0
186,202507031830,1.1754499999999999,1.17498,1.17502,1.17514,1048,m15,1,,,1.1762037343634246,1.1769400823846699,1.1777912657482865,0,0
187,202507031845,1.17523,1.17478,1.17489,1.17502,1231,m15,1,,,1.1761189770036296,1.1768596434321736,1.1777324455590246,0,0
188,202507031900,1.17489,1.17443,1.17466,1.17489,1207,m15,1,1.0,,1.1760248491390863,1.176773337996359,1.1776701842615673,0,-1
189,202507031915,1.17502,1.17466,1.17499,1.17466,571,m15,1,,,1.1759580844688744,1.1767033681919574,1.1776158970120485,0,0
190,202507031930,1.1750099999999999,1.17483,1.17492,1.17499,907,m15,1,,,1.1758911110806196,1.1766333985753095,1.1775613162286456,0,0
191,202507031945,1.17525,1.17476,1.17477,1.17492,967,m15,1,,,1.1758187811347414,1.1765602903818009,1.1775048286743945,0,0
192,202507032000,1.17513,1.17463,1.17472,1.17477,1811,m15,1,,,1.1757478918470579,1.1764880901176593,1.1774484969071852,0,0
193,202507032015,1.17539,1.17472,1.17532,1.17472,797,m15,1,,,1.17572028585506,1.1764422631390632,1.1774054598170984,0,0
194,202507032030,1.17598,1.1753,1.17561,1.17532,724,m15,1,,,1.175713170622599,1.1764096120045013,1.1773691717122385,0,0
195,202507032045,1.17579,1.17555,1.17566,1.17561,1254,m15,1,,,1.175709740252632,1.1763802038903397,1.1773346417041977,0,0
196,202507032100,1.17587,1.17527,1.17539,1.17566,185,m15,1,,,1.1756891118086277,1.1763413576877433,1.1772953702890705,0,0
197,202507032115,1.17539,1.17513,1.17527,1.17539,134,m15,1,,,1.1756620722873081,1.1762993284033574,1.1772544846418276,0,0
198,202507032130,1.17574,1.17507,1.17572,1.17527,358,m15,1,,,1.1756658095655332,1.1762766017157669,1.1772235202954868,0,0
199,202507032145,1.17574,1.17563,1.17567,1.17572,137,m15,1,,,1.1756660799165797,1.1762528054389387,1.177192183643075,0,0
200,202507032200,1.17574,1.17535,1.17546,1.17567,516,m15,1,,,1.175652784418046,1.1762217050163666,1.177157256006261,0,0
201,202507032215,1.17571,1.17543,1.17555,1.17546,523,m15,1,,,1.1756461531559166,1.1761953554922795,1.1771248591282581,0,0
202,202507032230,1.17575,1.17553,1.17569,1.17555,483,m15,1,,,1.1756489819882994,1.1761755317380858,1.1770959474455356,0,0
203,202507032245,1.17596,1.17567,1.17596,1.17569,278,m15,1,,,1.17566904769124,1.1761670770988282,1.1770730666327693,0,0
204,202507032300,1.17604,1.17559,1.17601,1.17596,697,m15,1,,,1.1756910446397841,1.1761609155221504,1.17705166111006,0,0
205,202507032315,1.1762299999999999,1.17586,1.1762,1.17601,562,m15,1,,,1.1757238805049428,1.1761624486508961,1.1770345180918609,0,0
206,202507032330,1.17714,1.17619,1.1771,1.1762,1401,m15,1,,1.0,1.1758126624975596,1.1761992246842707,1.177035835741148,0,1
207,202507032345,1.17712,1.17675,1.17691,1.1771,1249,m15,1,,,1.1758834585323794,1.1762271050100643,1.1770333044423795,0,0
208,202507040000,1.17704,1.17659,1.17676,1.17691,2904,m15,1,,,1.1759400096448134,1.176248007739521,1.1770278084037502,0,0
209,202507040015,1.17705,1.17653,1.17672,1.17676,1993,m15,1,,,1.1759903316448401,1.1762665213983876,1.1770216204082635,0,0
210,202507040030,1.17699,1.17639,1.17646,1.17672,1960,m15,1,,,1.1760206328524927,1.1762741104322967,1.177010333330656,0,0
211,202507040045,1.17674,1.17635,1.17669,1.17646,1984,m15,1,,,1.176063817861014,1.1762904232094664,1.1770038973829837,0,0
212,202507040100,1.17686,1.17639,1.17659,1.17669,1800,m15,1,,,1.1760977651187774,1.1763021736597408,1.1769955840078756,0,0
213,202507040115,1.17696,1.17639,1.17647,1.17659,2046,m15,1,,,1.176121780287619,1.1763087563447792,1.1769850303336553,0,0
214,202507040130,1.17653,1.17578,1.1759,1.17647,1993,m15,1,1.0,,1.1761074718734859,1.176292723735887,1.1769632490866997,0,-1
215,202507040145,1.17618,1.17559,1.17594,1.1759,2101,m15,1,,,1.1760966672304964,1.1762788889881512,1.1769427136489452,0,0
216,202507040200,1.17638,1.17593,1.17638,1.17594,1775,m15,1,,,1.1761149467734937,1.176282854799085,1.1769314236432258,0,0
217,202507040215,1.17679,1.17618,1.17675,1.17638,1641,m15,1,,,1.1761559179692762,1.1763011772070657,1.1769277846015074,0,0
218,202507040230,1.17708,1.17666,1.17685,1.17675,1489,m15,1,,,1.1762006974754544,1.176322703042663,1.1769262247778707,0,0
219,202507040245,1.17685,1.1764999999999999,1.17654,1.17685,1239,m15,1,,,1.1762225879702037,1.1763312257751213,1.1769184817121603,0,0
220,202507040300,1.17672,1.17643,1.1767,1.17654,1447,m15,1,,,1.176253388758554,1.1763456896016533,1.1769141026507441,0,0
221,202507040315,1.17715,1.17669,1.17682,1.1767,1359,m15,1,,,1.176289944336102,1.1763642925948659,1.176912216992096,0,0
222,202507040330,1.17724,1.17682,1.17706,1.17682,1351,m15,1,,,1.1763396253639458,1.1763915788817232,1.1769151776150006,0,0
223,202507040345,1.17725,1.17697,1.177,1.17706,1499,m15,1,,,1.1763822301930296,1.176415441594836,1.1769168765176794,0,0
224,202507040400,1.17753,1.17693,1.1772799999999999,1.177,1347,m15,1,,,1.1764401508433573,1.176449350025632,1.176924147846739,0,0
225,202507040415,1.17778,1.17726,1.17743,1.1772799999999999,1485,m15,1,,,1.1765040120974433,1.1764878114422794,1.1769342749790297,0,0
226,202507040430,1.17797,1.17734,1.17794,1.17743,1357,m15,1,,,1.1765966565029171,1.176544766493729,1.1769544051509742,0,0
227,202507040445,1.17801,1.17768,1.17801,1.17794,1464,m15,1,,,1.1766878399770506,1.1766022329135526,1.1769755289844717,0,0
228,202507040500,1.17848,1.17796,1.17836,1.17801,1836,m15,1,,,1.1767957212939877,1.176671172197162,1.1770032282619591,0,0
229,202507040515,1.17844,1.17829,1.17835,1.17836,1406,m15,1,,,1.1768959973613917,1.1767370152261696,1.177030167759127,0,0
230,202507040530,1.17853,1.17807,1.17837,1.17835,1338,m15,1,,,1.1769910943252069,1.1768010600544119,1.1770569630585939,0,0
231,202507040545,1.17852,1.17828,1.17843,1.17837,1919,m15,1,,1.0,1.1770839269670932,1.1768649460036222,1.1770844170098709,0,0
232,202507040600,1.17843,1.17758,1.17809,1.17843,3912,m15,1,,,1.1771488349162815,1.1769129916370225,1.1771045198172392,0,0
233,202507040615,1.1784999999999999,1.17787,1.17788,1.17809,2807,m15,1,,,1.1771960068650404,1.1769509167948962,1.1771200196612945,0,0
234,202507040630,1.17825,1.17741,1.17812,1.17788,2272,m15,1,,,1.1772556193346686,1.1769967669832584,1.177140002977484,0,0
235,202507040645,1.17828,1.1778,1.1781,1.17812,2970,m15,1,,,1.177310095514583,1.1770400344577203,1.1771591837930053,0,0
236,202507040700,1.17825,1.17753,1.17758,1.1781,5080,m15,1,,,1.17732750870957,1.177061211192121,1.1771675902365324,0,0
237,202507040715,1.17797,1.17719,1.17747,1.17758,4214,m15,1,,,1.1773367016972245,1.1770772433005412,1.1771736302770996,0,0
238,202507040730,1.17748,1.17675,1.17716,1.17747,4295,m15,1,,,1.177325301586363,1.1770804888898034,1.1771733580856676,0,0
239,202507040745,1.17775,1.17686,1.17697,1.17716,3893,m15,1,,,1.1773023789008075,1.177076155699058,1.1771692977829642,0,0
240,202507040800,1.17774,1.17685,1.17748,1.17697,3467,m15,1,,,1.177313838327761,1.1770919937597744,1.1771755003286908,0,0
241,202507040815,1.17775,1.17682,1.17695,1.17748,2958,m15,1,1.0,,1.1772903648849624,1.1770864250293218,1.1771709993922412,0,0
242,202507040830,1.17762,1.17682,1.17755,1.17695,3134,m15,1,,,1.1773071155390795,1.1771046055306247,1.1771785629666363,0,0
243,202507040845,1.17764,1.17718,1.1774499999999999,1.17755,2988,m15,1,,,1.1773163338921868,1.1771181511925426,1.1771839790971221,0,0
244,202507040900,1.17755,1.17719,1.17748,1.1774499999999999,3032,m15,1,,,1.1773268929967629,1.1771323421277369,1.1771898848678084,0,0
245,202507040915,1.17767,1.17735,1.17758,1.17748,2135,m15,1,,,1.177343222482067,1.1771498982725312,1.1771976667113098,0,0
246,202507040930,1.17821,1.17756,1.1782,1.17758,2324,m15,1,,1.0,1.1773984984548431,1.1771910808377206,1.177217657900623,0,0
247,202507040945,1.1782,1.17768,1.17784,1.1782,2666,m15,1,,,1.1774269824273673,1.1772165298979655,1.177230068526989,0,0
248,202507041000,1.1778899999999999,1.17748,1.17778,1.17784,2741,m15,1,,,1.177449757756032,1.1772386278075124,1.1772410336213603,0,0
249,202507041015,1.1781,1.17775,1.17801,1.17778,2447,m15,1,,,1.1774859024190085,1.1772688790689887,1.1772563639561309,0,0
250,202507041030,1.17803,1.17748,1.17757,1.17801,2414,m15,1,,,1.1774913280696864,1.1772806882473743,1.1772626158547834,0,0
251,202507041045,1.17795,1.17748,1.17776,1.17757,2189,m15,1,,,1.177508661743481,1.1772994855734196,1.177272529211573,0,0
252,202507041100,1.17813,1.17764,1.1777,1.17776,2190,m15,1,,,1.1775210061477077,1.1773151926531311,1.177281048027195,0,0
253,202507041115,1.1782,1.17767,1.17793,1.1777,2086,m15,1,,,1.177547392849016,1.1773393036766917,1.1772939789770225,0,0
254,202507041130,1.17794,1.17732,1.17736,1.17793,1912,m15,1,,,1.1775353029872917,1.177340115327342,1.1772952943420965,0,0
255,202507041145,1.17758,1.17682,1.17689,1.17736,3343,m15,1,,,1.1774936705348964,1.177322463116327,1.1772872204701508,0,0
256,202507041200,1.17718,1.17648,1.17657,1.17689,2905,m15,1,1.0,,1.1774340788853381,1.1772929537476702,1.1772729344156663,1,0
257,202507041215,1.17682,1.17642,1.17663,1.17657,2042,m15,1,,,1.1773822028264722,1.1772669547055525,1.1772601295319471,0,0
258,202507041230,1.17683,1.17637,1.17669,1.17663,2224,m15,1,,,1.1773375445781962,1.177244328315136,1.177248775951253,0,0
259,202507041245,1.17679,1.17653,1.17665,1.17669,2058,m15,1,,,1.1772931868621663,1.1772210206140574,1.177236853240723,0,0
260,202507041300,1.17723,1.17663,1.17686,1.17665,1865,m15,1,,,1.1772652393219012,1.177206862529523,1.1772293502361566,0,0
261,202507041315,1.17719,1.17682,1.17697,1.17686,1453,m15,1,,,1.1772461916232229,1.1771975735422866,1.1772241872274232,0,0
262,202507041330,1.17769,1.17675,1.17765,1.17697,2562,m15,1,,,1.1772722437771919,1.1772153162345396,1.1772326631910068,0,0
263,202507041345,1.17809,1.17737,1.17796,1.17765,2533,m15,1,,,1.1773166151474068,1.1772445202757378,1.1772471396072695,0,0
264,202507041400,1.17875,1.1778899999999999,1.17829,1.17796,2864,m15,1,,1.0,1.177379414171481,1.1772855205007298,1.177267893886749,-1,0
265,202507041415,1.17854,1.17801,1.17827,1.17829,1952,m15,1,,,1.1774368713228431,1.1773241284628437,1.1772878351224134,0,0
266,202507041430,1.17836,1.17763,1.17773,1.17827,2281,m15,1,,,1.177455782850751,1.1773400453592862,1.1772966330487706,0,0
267,202507041445,1.17787,1.17751,1.17782,1.17773,3526,m15,1,,,1.177479280731754,1.1773588675252502,1.1773070456908827,0,0
268,202507041500,1.17816,1.17759,1.1778,1.17782,2782,m15,1,,,1.177499972297782,1.177376167204766,1.177316852341547,0,0
269,202507041515,1.17825,1.17768,1.17821,1.1778,1525,m15,1,,,1.1775457805373277,1.1774088671961729,1.1773346186623763,0,0
270,202507041530,1.17833,1.17796,1.17832,1.17821,1427,m15,1,,1.0,1.1775957301807876,1.1774445985936726,1.177354217917211,0,0
271,202507041545,1.17845,1.17786,1.17786,1.17832,1677,m15,1,,,1.177612779846769,1.1774608891512255,1.1773642770475112,0,0
272,202507041600,1.17817,1.17764,1.17802,1.17786,1311,m15,1,,,1.1776390521150448,1.1774828154629935,1.1773773171169994,0,0
273,202507041615,1.17814,1.17779,1.17813,1.17802,1732,m15,1,,,1.1776707261725055,1.1775081956893063,1.1773922841195137,0,0
274,202507041630,1.17814,1.17751,1.17753,1.17813,1238,m15,1,,,1.1776616470645034,1.1775090507745745,1.1773950223551435,0,0
275,202507041645,1.17761,1.17734,1.17743,1.17753,1221,m15,1,,,1.1776467020924484,1.1775059506945258,1.1773957177669758,0,0
276,202507041700,1.17773,1.17721,1.17752,1.17743,7968,m15,1,,,1.1776385277638257,1.1775065016561637,1.1773981885009048,0,0
277,202507041715,1.17766,1.17735,1.17764,1.17752,3865,m15,1,,,1.1776386227468054,1.17751173696277,1.177402995344459,0,0
278,202507041730,1.17778,1.17736,1.17741,1.17764,2093,m15,1,1.0,,1.1776238728920505,1.1775077472212567,1.1774031345756704,1,0
279,202507041745,1.17763,1.17737,1.17757,1.17741,1870,m15,1,,,1.1776203972215686,1.177510188540031,1.1774064511032767,0,0
280,202507041800,1.17757,1.17743,1.17752,1.17757,3591,m15,1,,,1.1776139199814206,1.1775105733082145,1.1774087077743718,0,0
281,202507041815,1.17761,1.17748,1.1775,1.17752,975,m15,1,,,1.17760657030515,1.1775101586634504,1.177410521985658,0,0
282,202507041830,1.17766,1.17746,1.17765,1.1775,2984,m15,1,,,1.1776093722209644,1.1775156427038425,1.1774152806937106,0,0
283,202507041845,1.17795,1.1776,1.17787,1.17765,853,m15,1,,1.0,1.177626186916486,1.1775295392300802,1.1774243158726816,-1,0
284,202507041900,1.17797,1.17756,1.17769,1.17787,3482,m15,1,,,1.1776303038896385,1.177535831879635,1.177429594603605,0,0
285,202507041915,1.17771,1.17751,1.17762,1.17769,655,m15,1,,,1.1776296391225618,1.1775391326256879,1.1774333774116454,0,0
286,202507041930,1.17766,1.17714,1.17753,1.17762,1644,m15,1,,,1.1776232107920426,1.1775387744798083,1.1774352968997557,0,0
287,202507041945,1.17758,1.1772799999999999,1.17736,1.17753,856,m15,1,,,1.1776062294505432,1.1775317636463871,1.1774338011596988,0,0
288,202507042000,1.17815,1.1772799999999999,1.17742,1.17736,2845,m15,1,,,1.1775942146472314,1.177527380716544,1.17743352702284,0,0
289,202507042015,1.17832,1.17725,1.1773,1.17742,5511,m15,1,,,1.1775752330570117,1.1775184637440919,1.1774308748954694,0,0
290,202507042030,1.17846,1.17695,1.17779,1.1773,793,m15,1,,,1.177589088988869,1.177529112318349,1.177438007446166,0,0
291,202507042045,1.17814,1.17697,1.17706,1.17779,2282,m15,1,1.0,,1.1775549542152746,1.177510715601426,1.1774305003173968,1,0
292,202507061930,1.1778,1.17706,1.17775,1.17706,7,m15,1,,,1.1775675378143302,1.1775200993794979,1.1774368451308608,0,0
293,202507061945,1.17777,1.17775,1.17777,1.17775,8,m15,1,,,1.1775805998908648,1.177529899480258,1.1774434607425728,0,0
294,202507062000,1.17777,1.17776,1.17777,1.17777,6,m15,1,,,1.1775928192527794,1.1775393152574647,1.177449944625228,0,0
295,202507062100,1.17796,1.17777,1.17796,1.17777,2,m15,1,,,1.1776165083333086,1.177555812817113,1.1774600719201072,0,0
296,202507062115,1.17809,1.17777,1.17788,1.17796,88,m15,1,,,1.1776335077957185,1.1775685261279045,1.1774684092674306,0,0
297,202507062130,1.17813,1.1777,1.1781,1.17788,120,m15,1,,1.0,1.1776636040670327,1.1775893683790402,1.1774809483579334,-1,0
298,202507062145,1.17814,1.17784,1.17787,1.1781,73,m15,1,,,1.177676919933705,1.1776003736109122,1.1774886718783941,0,0
299,202507062200,1.178,1.17733,1.17768,1.17787,831,m15,1,1.0,,1.1776771186476598,1.177603496233561,1.1774924699667064,1,0
300,202507062215,1.17807,1.17768,1.17801,1.17768,638,m15,1,,,1.177698594863981,1.177619437651691,1.1775027430413463,0,0
301,202507062230,1.17818,1.1779,1.17796,1.17801,500,m15,1,,,1.1777154597114965,1.177632793113527,1.1775118192457508,0,0
302,202507062245,1.17816,1.17788,1.178,1.17796,434,m15,1,,,1.1777338171494953,1.177647193461932,1.1775215088061288,0,0
303,202507062300,1.17822,1.17795,1.17797,1.178,658,m15,1,,,1.1777490547527776,1.1776598526080289,1.1775304101836654,0,0
304,202507062315,1.1781,1.17784,1.178,1.17797,505,m15,1,,,1.1777652447687512,1.1776731917884327,1.1775397298905292,0,0
305,202507062330,1.17812,1.17776,1.17794,1.178,806,m15,1,1.0,,1.177776519299815,1.177683654906041,1.177547673491405,0,0
306,202507062345,1.17814,1.1775,1.17802,1.17794,1298,m15,1,,,1.1777922277321051,1.177696844970876,1.1775570466859597,0,0
307,202507070000,1.17887,1.17791,1.17881,1.17802,2484,m15,1,,1.0,1.1778578904591448,1.1777404983037176,1.177581910149823,-1,0
308,202507070015,1.17902,1.17816,1.17827,1.17881,2089,m15,1,,,1.1778844781714881,1.1777612631649865,1.1775955639548057,0,0
309,202507070030,1.17857,1.17788,1.17803,1.17827,1783,m15,1,,,1.1778938666765633,1.177771801907732,1.177604184139221,0,0
310,202507070045,1.17832,1.17787,1.17797,1.17803,2279,m15,1,,,1.1778987785038866,1.177779574412644,1.1776114424532254,0,0
311,202507070100,1.17798,1.17722,1.17755,1.17797,2204,m15,1,,,1.1778762766649054,1.1777705714603295,1.1776102233944894,0,0
312,202507070115,1.17807,1.17755,1.17766,1.17755,2063,m15,1,,,1.1778623233316736,1.1777662353088174,1.1776112109569268,0,0
313,202507070130,1.17798,1.17705,1.17707,1.17766,2043,m15,1,,,1.177811205697331,1.177738931867709,1.1776004737974843,0,0
314,202507070145,1.17734,1.17701,1.17718,1.17707,1709,m15,1,,,1.1777704827490856,1.177717012897149,1.1775921322693013,0,0
315,202507070200,1.17748,1.17712,1.17736,1.17718,2115,m15,1,,,1.1777439999910615,1.1777030123460959,1.1775875273037695,0,0
316,202507070215,1.17754,1.17709,1.1771,1.17736,1560,m15,1,,,1.177702451604514,1.1776793647296266,1.1775778562386783,0,0
317,202507070230,1.17722,1.17647,1.17703,1.1771,2462,m15,1,,,1.1776590676300025,1.1776538993700814,1.1775669888105043,0,0
318,202507070245,1.17727,1.17671,1.17675,1.17703,1613,m15,1,1.0,,1.1776004181054525,1.1776184522342783,1.17755078334985,0,0
319,202507070300,1.17741,1.17665,1.1772,1.17675,1533,m15,1,,,1.1775745846792802,1.177602042297511,1.1775438255866466,0,0
320,202507070315,1.17742,1.17715,1.17734,1.1772,1321,m15,1,,,1.1775594501838353,1.17759176610177,1.1775397828536025,0,0
321,202507070330,1.17735,1.17685,1.17699,1.17734,1825,m15,1,,,1.1775227114622802,1.177568167371074,1.1775288786606324,0,0
322,202507070345,1.17718,1.17685,1.17691,1.17699,1366,m15,1,,,1.1774831816905027,1.1775423568228434,1.1775166044351297,0,0
323,202507070400,1.17723,1.1766,1.17676,1.17691,1400,m15,1,,,1.1774365248072254,1.17751167609107,1.1775015991588056,0,0
324,202507070415,1.17695,1.17662,1.17695,1.17676,1196,m15,1,,,1.177405136109973,1.1774896495279938,1.177490659960329,0,0
325,202507070430,1.17707,1.17659,1.17663,1.17695,1517,m15,1,,,1.1773551273286664,1.1774559377087133,1.1774735920418393,0,0
326,202507070445,1.17679,1.17641,1.17659,1.17663,1414,m15,1,,,1.1773057642751874,1.1774219792964629,1.1774560698646577,0,0
327,202507070500,1.17687,1.17637,1.17663,1.17659,1844,m15,1,,,1.1772621665800003,1.1773909212226825,1.1774396888569922,0,0
328,202507070515,1.17681,1.17633,1.17645,1.17663,2077,m15,1,,,1.1772097687361136,1.1773540222802574,1.1774200638272339,0,0
329,202507070530,1.17698,1.17642,1.17695,1.17645,1549,m15,1,,,1.1771930094628114,1.1773381782399976,1.1774107429556087,0,0
330,202507070545,1.17737,1.1768399999999999,1.17714,1.17695,1949,m15,1,,1.0,1.177189589497468,1.1773304065305175,1.1774053745521473,0,1
331,202507070600,1.17735,1.17638,1.17673,1.17714,3190,m15,1,,,1.1771599385621403,1.1773068611362276,1.1773919832997815,0,0
332,202507070615,1.1769,1.17617,1.17619,1.17673,2669,m15,1,,,1.1770973618806977,1.1772630625885365,1.177368151124554,0,0
333,202507070630,1.17619,1.17499,1.17527,1.17619,3922,m15,1,,,1.176979467565789,1.1771849031483026,1.177326551349083,0,0
334,202507070645,1.1756,1.1750099999999999,1.17558,1.17527,2883,m15,1,,,1.1768891793357201,1.1771219656747487,1.1772919235596142,0,0
335,202507070700,1.17587,1.17479,1.1756,1.17558,3953,m15,1,,,1.1768060064753356,1.1770622806595972,1.1772583796598586,0,0
336,202507070715,1.17584,1.17477,1.17478,1.1756,3503,m15,1,,,1.17667529638013,1.1769727793323033,1.1772092447386906,0,0
337,202507070730,1.17525,1.17454,1.1747,1.17478,3783,m15,1,,,1.1765478579039719,1.1768836506114801,1.1771594990704268,0,0
338,202507070745,1.17524,1.17452,1.17455,1.1747,3471,m15,1,,,1.1764189638456315,1.1767921347832815,1.1771077670529988,0,0
339,202507070800,1.17473,1.17352,1.1738899999999999,1.17455,3694,m15,1,,,1.1762558048878258,1.1766783254351698,1.1770439778628219,0,0
340,202507070815,1.17404,1.17341,1.17386,1.1738899999999999,3382,m15,1,,,1.1761012368305261,1.1765678027375972,1.1769808599046998,0,0
341,202507070830,1.17414,1.1732,1.17329,1.17386,3719,m15,1,,,1.1759198667124051,1.1764392613068428,1.1769076952941049,0,0
342,202507070845,1.1736199999999999,1.17232,1.17241,1.17329,3678,m15,1,1.0,,1.1756934236986751,1.176281250885987,1.1768185385245598,0,-1
343,202507070900,1.17281,1.17221,1.17265,1.17241,3132,m15,1,,,1.1754970737826103,1.1761388487402036,1.1767359082709206,0,0
344,202507070915,1.17286,1.17253,1.17275,1.17265,2816,m15,1,,,1.1753198432159722,1.1760059525764508,1.1766568997889844,0,0
345,202507070930,1.17323,1.17258,1.1730099999999999,1.17275,2370,m15,1,,,1.175170821072992,1.1758884641256848,1.1765846125605606,0,0
346,202507070945,1.17347,1.17285,1.17339,1.1730099999999999,3234,m15,1,,1.0,1.1750559293908533,1.175790485048674,1.1765212916083256,0,1
347,202507071000,1.17347,1.17307,1.17321,1.17339,2835,m15,1,,,1.1749368371720788,1.1756892894655828,1.176455659200425,0,0
348,202507071015,1.1736,1.17274,1.17285,1.17321,2372,m15,1,,,1.1748022025158051,1.1755779446844723,1.1763841935390715,0,0
349,202507071030,1.17294,1.1723,1.1725,1.17285,2598,m15,1,1.0,,1.1746536733212263,1.1754572408711743,1.1763072086307553,0,-1
350,202507071045,1.17278,1.17244,1.17275,1.1725,2377,m15,1,,,1.1745308556875904,1.1753510744778406,1.1762367058534544,0,0
351,202507071100,1.17298,1.17264,1.17276,1.17275,1948,m15,1,,,1.174416606933545,1.1752494636361537,1.1761677998367646,0,0
352,202507071115,1.17277,1.1725,1.17263,1.17276,1886,m15,1,,,1.1743013419700838,1.1751467394963744,1.1760976841948445,0,0
353,202507071130,1.17286,1.17256,1.17282,1.17263,2005,m15,1,,,1.174205771520396,1.1750554947457097,1.1760327248892277,0,0
354,202507071145,1.17342,1.17281,1.17295,1.17282,3299,m15,1,,1.0,1.1741247540029467,1.1749729262682032,1.1759716304346095,0,1
355,202507071200,1.17311,1.17244,1.17269,1.17295,3295,m15,1,,,1.1740321892285586,1.174883399689433,1.1759065950677665,0,0
356,202507071215,1.17298,1.17195,1.1721,1.17269,2798,m15,1,1.0,,1.1739075318589685,1.1747742466919684,1.1758311571582842,0,-1
357,202507071230,1.17265,1.17178,1.17227,1.1721,2895,m15,1,,,1.1738018846422564,1.1746760408801573,1.175760584368934,0,0
358,202507071245,1.17236,1.17205,1.17225,1.17227,2630,m15,1,,,1.1737017630524296,1.174580901967024,1.1756910148706083,0,0
359,202507071300,1.17282,1.1722,1.17268,1.17225,3435,m15,1,,,1.173635842855496,1.1745063567503755,1.17563134627673,0,0
360,202507071315,1.17397,1.17262,1.1737,1.17268,4036,m15,1,,,1.1736399820261094,1.1744747349001254,1.175593073794848,0,0
361,202507071330,1.17401,1.1736,1.17383,1.1737,4004,m15,1,,,1.173652241250232,1.1744494511655676,1.1755581363875092,0,0
362,202507071345,1.17407,1.17318,1.17351,1.17383,3672,m15,1,,,1.1736430643953781,1.1744126099252108,1.1755175507021045,0,0
363,202507071400,1.17403,1.17346,1.17357,1.17351,3175,m15,1,,,1.173638350563418,1.1743795663830674,1.1754789587511052,0,0
364,202507071415,1.17386,1.17327,1.17354,1.17357,3475,m15,1,,,1.1736320053657778,1.1743466421961866,1.1754405375796353,0,0
365,202507071430,1.17437,1.17347,1.1743,1.17354,3155,m15,1,,1.0,1.1736751017937932,1.1743448130896532,1.1754179377159437,0,1
366,202507071445,1.17454,1.17358,1.17387,1.1743,4414,m15,1,,,1.1736876758716135,1.1743261929606617,1.1753872655810502,0,0
367,202507071500,1.17405,1.17318,1.17383,1.17387,3613,m15,1,,,1.173696858073445,1.1743067344053242,1.1753564090127657,0,0
368,202507071515,1.17385,1.1732,1.17372,1.17383,3511,m15,1,,,1.1736983511009647,1.1742837252040284,1.175323984659017,0,0
369,202507071530,1.17383,1.1730099999999999,1.17305,1.17372,3227,m15,1,,,1.1736565219976758,1.1742353438054371,1.1752789277254465,0,0
370,202507071545,1.1734499999999999,1.17304,1.17329,1.17305,2966,m15,1,,,1.17363287541718,1.1741982714860597,1.1752395194123944,0,0
371,202507071600,1.17384,1.17315,1.17383,1.17329,2168,m15,1,,,1.173645593132201,1.1741838294620273,1.1752115917394599,0,0
372,202507071615,1.17397,1.171,1.17257,1.17383,8780,m15,1,,,1.1735762000268966,1.1741205420112133,1.1751592528704424,0,0
373,202507071630,1.1726,1.17086,1.17095,1.17257,5763,m15,1,,,1.1734067677670943,1.1739962069908738,1.1750758542819137,0,0
374,202507071645,1.17111,1.16874,1.16942,1.17095,6418,m15,1,,,1.1731495569434072,1.1738167478384052,1.1749637952047898,0,0
375,202507071700,1.17005,1.16863,1.16984,1.16942,4006,m15,1,,,1.172936037140604,1.173660796897038,1.1748622788921013,0,0
376,202507071715,1.17016,1.16929,1.1694,1.16984,2877,m15,1,1.0,,1.1727079057121752,1.1734937067755558,1.1747540574594848,0,-1
377,202507071730,1.17135,1.16922,1.1709,1.1694,7137,m15,1,,,1.172591266633969,1.173391992756817,1.1746776997271597,0,0
378,202507071745,1.17092,1.17034,1.17069,1.1709,2897,m15,1,,,1.172468604270486,1.1732860322289844,1.1745986950495932,0,0
379,202507071800,1.17151,1.17046,1.17075,1.17069,2298,m15,1,,,1.1723577265756149,1.1731865799598529,1.1745224451167111,0,0
380,202507071815,1.17078,1.17,1.17024,1.17075,3309,m15,1,,,1.1722210990546063,1.1730710277768155,1.1744376026150853,0,0
381,202507071830,1.17139,1.17003,1.17129,1.17024,2340,m15,1,,,1.172161028147857,1.1730011835341587,1.1743752438742088,0,0
382,202507071845,1.17201,1.17129,1.1719,1.17129,1893,m15,1,,,1.1721441876221885,1.1729579998565798,1.1743262060380317,0,0
383,202507071900,1.17224,1.1716199999999999,1.17205,1.1719,1725,m15,1,,,1.172138111001402,1.1729223920114829,1.1742811118240777,0,0
384,202507071915,1.17221,1.17178,1.17194,1.17205,1282,m15,1,,,1.1721253296464729,1.1728838668266786,1.1742347321775215,0,0
385,202507071930,1.17237,1.17177,1.17208,1.17194,1483,m15,1,,1.0,1.1721224051531522,1.1728523426311992,1.1741920452714496,0,1
386,202507071945,1.17226,1.17191,1.17195,1.17208,1513,m15,1,,,1.1721112822400455,1.1728169566389777,1.1741476290161166,0,0
387,202507072000,1.17213,1.17099,1.17113,1.17195,1064,m15,1,,,1.1720479737084295,1.1727508014646584,1.1740878484988932,0,0
388,202507072015,1.17126,1.17068,1.17092,1.17113,762,m15,1,,,1.171975201211111,1.1726790053162701,1.1740250925997204,0,0
389,202507072030,1.17105,1.17066,1.17073,1.17092,911,m15,1,,,1.1718948656491035,1.172602573722435,1.1739598165023633,0,0
390,202507072045,1.17091,1.17067,1.1708,1.17073,973,m15,1,,,1.1718242291556127,1.172531884545471,1.1738972207452936,0,0
391,202507072100,1.17085,1.17065,1.17083,1.1708,140,m15,1,,,1.1717600853391212,1.1724651439647389,1.173836459787375,0,0
392,202507072115,1.17083,1.17063,1.17072,1.17083,106,m15,1,1.0,,1.1716929830591776,1.172396706936345,1.1737747238963512,0,-1
393,202507072130,1.17087,1.17072,1.17075,1.17072,242,m15,1,,,1.171632145442456,1.1723321301845244,1.1737148057165672,0,0
394,202507072145,1.17083,1.17073,1.17073,1.17075,317,m15,1,,,1.1715739425106844,1.1722693015412196,1.1736556787376993,0,0
395,202507072200,1.17184,1.17073,1.17175,1.17073,538,m15,1,,,1.171585301058382,1.1722489367722135,1.1736179288102815,0,0
396,202507072215,1.17211,1.17165,1.1719,1.17175,494,m15,1,,,1.171605604215906,1.1722352529754922,1.1735838982993183,0,0
397,202507072230,1.1734499999999999,1.1719,1.17339,1.1719,1349,m15,1,,,1.1717207265245575,1.1722805371780407,1.1735800573883246,0,0
398,202507072245,1.17377,1.17293,1.17353,1.17339,1163,m15,1,,,1.171837453845554,1.1723295357258052,1.1735790658136465,0,0
399,202507072300,1.17371,1.17316,1.17356,1.17353,1148,m15,1,,,1.1719485858555185,1.1723777892321727,1.1735786881461228,0,0
400,202507072315,1.17382,1.17332,1.17349,1.17356,1133,m15,1,,,1.1720480319293565,1.172421405345421,1.1735769313676998,0,0
401,202507072330,1.17387,1.1734499999999999,1.17384,1.17349,909,m15,1,,,1.172163642772624,1.1724770365141124,1.173582142326636,0,0
402,202507072345,1.17386,1.17352,1.17365,1.17384,1203,m15,1,,,1.1722595367872937,1.1725230350867675,1.1735834864674763,0,0
403,202507080000,1.17472,1.17365,1.1746699999999999,1.17365,2836,m15,1,,1.0,1.1724150505429525,1.1726072297973038,1.17360500824981,0,1
404,202507080015,1.1746699999999999,1.17398,1.17405,1.1746699999999999,2643,m15,1,,,1.1725205311530849,1.1726638090261408,1.1736138226424264,0,0
405,202507080030,1.17477,1.17393,1.17458,1.17405,2239,m15,1,,,1.1726534001109505,1.1727389537768513,1.1736329605598665,0,0
406,202507080045,1.17476,1.17408,1.17433,1.17458,2815,m15,1,,,1.1727615678457284,1.1728013477516819,1.1736467673465374,0,0
407,202507080100,1.17445,1.17327,1.17351,1.17433,2742,m15,1,1.0,,1.1728098537911653,1.1728291380381957,1.1736440583080479,0,-1
408,202507080115,1.174,1.17306,1.1738,1.17351,2343,m15,1,,,1.1728737341917352,1.1728672110592884,1.173647147127601,0,0
409,202507080130,1.17434,1.17346,1.1738899999999999,1.1738,2357,m15,1,,,1.1729392997277523,1.1729073204325313,1.1736519574161732,0,0
410,202507080145,1.17405,1.17366,1.17383,1.1738899999999999,1853,m15,1,,,1.1729967642614456,1.1729435039475977,1.1736554839610314,0,0
411,202507080200,1.17449,1.17361,1.17435,1.17383,2043,m15,1,,,1.1730840697929654,1.1729986606593674,1.1736692403829883,0,0
412,202507080215,1.17474,1.17418,1.17474,1.17435,1544,m15,1,,1.0,1.173190903999871,1.1730669484812057,1.1736904490280176,0,0
413,202507080230,1.17486,1.17413,1.17418,1.17474,1649,m15,1,,,1.1732547166450407,1.1731105975631737,1.173700145564425,0,0
414,202507080245,1.17443,1.17371,1.17383,1.17418,1724,m15,1,,,1.1732918317001995,1.1731388094251798,1.1737027175783987,0,0
415,202507080300,1.17424,1.1738,1.17381,1.17383,1988,m15,1,1.0,,1.1733252619130898,1.1731651306257507,1.1737048425002656,0,0
416,202507080315,1.17461,1.17371,1.17458,1.17381,1675,m15,1,,,1.1734062127574065,1.173220615702407,1.173722176489472,0,0
417,202507080330,1.17487,1.17444,1.17468,1.17458,1325,m15,1,,,1.1734883925795094,1.1732778464623033,1.173741147730535,0,0
418,202507080345,1.17474,1.17448,1.17468,1.17468,1654,m15,1,,,1.1735652704776056,1.1733328328784336,1.1737597431293618,0,0
419,202507080400,1.17495,1.17446,1.1748,1.17468,1275,m15,1,,1.0,1.1736449304467924,1.173390368846888,1.1737803469071342,0,0
420,202507080415,1.17481,1.17464,1.17474,1.1748,1191,m15,1,,,1.1737155800953865,1.1734432955613403,1.17379935412697,0,0
421,202507080430,1.17502,1.17416,1.17431,1.17474,3869,m15,1,,,1.1737539297666517,1.1734772839722825,1.173809468110949,0,0
422,202507080445,1.17436,1.1740599999999999,1.17414,1.17431,1918,m15,1,,,1.1737788375236422,1.1735032728372776,1.173816014682861,0,0
423,202507080500,1.17447,1.17379,1.1738899999999999,1.17414,2401,m15,1,,,1.1737860092963104,1.1735184386090167,1.1738174800427372,0,0
424,202507080515,1.17393,1.17355,1.17372,1.1738899999999999,1643,m15,1,,,1.1737817506320323,1.173526342977617,1.173815549352138,0,0
425,202507080530,1.1738,1.17342,1.1736199999999999,1.17372,2552,m15,1,,,1.173771315107385,1.17353001580217,1.1738116763155224,0,0
426,202507080545,1.17407,1.17337,1.17347,1.1736199999999999,3676,m15,1,,,1.1737518754230376,1.173527662241211,1.173804909125345,0,0
427,202507080600,1.17398,1.17316,1.17393,1.17347,4389,m15,1,,,1.1737633673312287,1.173543440193114,1.1738073866469734,0,0
428,202507080615,1.17394,1.17332,1.17366,1.17393,3449,m15,1,,,1.1737566984711494,1.1735480111660939,1.1738044675513861,0,0
429,202507080630,1.17401,1.1734499999999999,1.17347,1.17366,3279,m15,1,,,1.1737382017955913,1.173544951904575,1.173797843212327,0,0
430,202507080645,1.17449,1.17346,1.17418,1.17347,3519,m15,1,,,1.1737667049055533,1.1735698557522636,1.173805412038949,0,0
431,202507080700,1.17549,1.17417,1.17536,1.17418,5500,m15,1,,,1.1738694981374533,1.1736400574896606,1.1738362014036368,0,0
432,202507080715,1.17578,1.17498,1.17549,1.17536,3356,m15,1,,,1.1739740466447144,1.1737126042569477,1.1738689555681123,0,0
433,202507080730,1.17607,1.17523,1.17596,1.17549,2852,m15,1,,,1.174102172667636,1.1738007374258816,1.1739103694248387,0,0
434,202507080745,1.17652,1.17578,1.176,1.17596,3792,m15,1,,1.0,1.1742246131406917,1.1738869830194114,1.173951755140383,0,0
435,202507080800,1.17607,1.1754,1.1757,1.176,3189,m15,1,,,1.1743197993896792,1.173958081726424,1.1739863795025463,0,0
436,202507080815,1.17577,1.17513,1.17554,1.1757,2934,m15,1,,,1.1743985220097,1.174020117738738,1.1740171491882452,0,0
437,202507080830,1.17557,1.17489,1.17496,1.17554,2759,m15,1,,,1.1744347463961708,1.1740569758675357,1.174035822430038,0,0
438,202507080845,1.17532,1.17476,1.17487,1.17496,3082,m15,1,,,1.174462827273837,1.1740888591676,1.17405234333757,0,0
439,202507080900,1.17505,1.17462,1.17483,1.17487,2553,m15,1,,,1.1744865158368154,1.1741179235146273,1.1740677448002292,0,0
440,202507080915,1.17498,1.17463,1.1748399999999999,1.17483,1922,m15,1,,,1.1745093212666984,1.1741462402401606,1.1740830392414674,0,0
441,202507080930,1.1748399999999999,1.17409,1.17414,1.1748399999999999,2473,m15,1,,,1.174485494088202,1.1741459955248552,1.1740841673406062,0,0
442,202507080945,1.17435,1.17388,1.17419,1.17414,2366,m15,1,,,1.174466429953479,1.174147721190582,1.1740862633342808,0,0
443,202507081000,1.1742299999999999,1.17373,1.17377,1.17419,2419,m15,1,,,1.1744214989887385,1.1741329085945869,1.1740799998227247,0,0
444,202507081015,1.17379,1.17303,1.17308,1.17377,1634,m15,1,,,1.1743349506668843,1.1740916180606995,1.1740601951456997,0,0
445,202507081030,1.17316,1.1726,1.17266,1.17308,2278,m15,1,,,1.174226889333537,1.1740354761749652,1.1740324648030325,0,0
446,202507081045,1.17297,1.17232,1.1728,1.17266,2372,m15,1,,,1.1741348319571798,1.173987026128058,1.1740080563618536,0,0
447,202507081100,1.17338,1.17277,1.17321,1.1728,2173,m15,1,,,1.1740751653792973,1.1739565545146915,1.1739922512360763,0,0
448,202507081115,1.17384,1.17315,1.1733,1.17321,2144,m15,1,,,1.1740251547096654,1.173930807278414,1.1739785415652375,0,0
449,202507081130,1.17353,1.17296,1.1730099999999999,1.1733,2016,m15,1,,,1.173959660857429,1.173894697188516,1.173959360157878,0,0
450,202507081145,1.1731,1.17213,1.17215,1.1730099999999999,3343,m15,1,,,1.1738429085440465,1.1738262776899284,1.1739235269105546,0,0
451,202507081200,1.17229,1.17136,1.1717,1.17215,3678,m15,1,,,1.1737046563799145,1.1737428942499384,1.1738794914549544,0,0
452,202507081215,1.17194,1.17152,1.17191,1.1717,2290,m15,1,,,1.1735888720973393,1.1736710160430899,1.173840487092329,0,0
453,202507081230,1.17246,1.17155,1.1716,1.17191,2837,m15,1,,,1.1734605577684787,1.1735897997266231,1.1737961159579915,0,0
454,202507081245,1.17219,1.17138,1.17209,1.1716,2922,m15,1,,,1.1733721346866413,1.1735309840503376,1.1737623277117284,0,0
455,202507081300,1.17222,1.17099,1.17105,1.17209,2828,m15,1,,,1.1732223195455675,1.1734336905570049,1.1737086123744824,0,0
456,202507081315,1.17138,1.16997,1.17007,1.17105,3798,m15,1,,,1.1730189440910148,1.1733017811218822,1.173636552915583,0,0
457,202507081330,1.17055,1.16936,1.17029,1.17007,4926,m15,1,,,1.172842883181917,1.1731836720569762,1.173570277573438,0,0
458,202507081345,1.17122,1.17022,1.17048,1.17029,4813,m15,1,,,1.1726904391056643,1.1730776457006769,1.173509077651532,0,0
459,202507081400,1.17065,1.16891,1.16892,1.17048,5051,m15,1,1.0,,1.1724471849698148,1.172914600769578,1.1734181956469016,0,0
460,202507081415,1.16949,1.16824,1.16947,1.16892,3657,m15,1,,,1.1722551085201494,1.1727795183851357,1.1733400058134449,0,0
461,202507081430,1.16971,1.16883,1.16933,1.16947,3856,m15,1,,,1.17206639184143,1.1726442431530744,1.1732605920508108,0,0
462,202507081445,1.17004,1.16896,1.16921,1.16933,7231,m15,1,,,1.1718821084968216,1.1725095669497765,1.173180374676476,0,0
463,202507081500,1.17029,1.16896,1.1702299999999999,1.16921,5062,m15,1,,,1.1717755208518654,1.1724201721666565,1.17312194596753,0,0
464,202507081515,1.17096,1.17016,1.17047,1.1702299999999999,3413,m15,1,,,1.171691293700132,1.1723436948261499,1.173069427386012,0,0
465,202507081530,1.17104,1.17037,1.17079,1.17047,3208,m15,1,,,1.1716331457194784,1.1722827656167931,1.1730242861660267,0,0
466,202507081545,1.17125,1.1705,1.17065,1.17079,2845,m15,1,,,1.171569716963383,1.1722187355921123,1.1729772664694846,0,0
467,202507081600,1.17097,1.17031,1.17092,1.17065,2572,m15,1,,,1.1715277997399387,1.1721678047842017,1.1729365250128447,0,0
468,202507081615,1.17129,1.17063,1.17117,1.17092,2195,m15,1,,,1.1715047158857492,1.1721286751845432,1.1729015413679924,0,0
469,202507081630,1.17123,1.16967,1.17027,1.17117,5656,m15,1,1.0,,1.171425056796346,1.1720557859611225,1.1728494273281986,0,0
470,202507081645,1.17095,1.16961,1.17086,1.17027,4826,m15,1,,,1.1713886015191624,1.1720088923937122,1.172810029534033,0,0
471,202507081700,1.17215,1.17073,1.17197,1.17086,4374,m15,1,,,1.171426111098571,1.1720073672017923,1.1727933939640485,0,0
472,202507081715,1.17202,1.17132,1.17171,1.17197,3166,m15,1,,,1.1714444265115664,1.1719957057428279,1.1727719389472655,0,0
473,202507081730,1.17217,1.1714499999999999,1.17204,1.17171,2572,m15,1,,,1.1714828506075943,1.171997442772531,1.1727574440001842,0,0
474,202507081745,1.1726,1.17175,1.17242,1.17204,2304,m15,1,,,1.171543311858717,1.1720140136442891,1.1727507614407313,0,0
475,202507081800,1.17264,1.17231,1.17237,1.17242,2324,m15,1,,,1.1715966465775096,1.1720279738936077,1.172743221057162,0,0
476,202507081815,1.17237,1.17194,1.1720599999999999,1.17237,1907,m15,1,,,1.1716265403467023,1.1720292298193549,1.1727296909545843,0,0
477,202507081830,1.17249,1.1718,1.17211,1.1720599999999999,2151,m15,1,,,1.1716577312920764,1.1720323972774351,1.1727174189817628,0,0
478,202507081845,1.17286,1.17204,1.17252,1.17211,2535,m15,1,,,1.1717133615312971,1.1720515189529208,1.172713509424943,0,0
479,202507081900,1.17266,1.17252,1.17263,1.17252,5,m15,1,,,1.17177249949702,1.1720742044842827,1.1727118556609926,0,0
