,Unnamed: 0,date,bidhigh,bidlow,bidclose,bidopen,tickqty,timeframe,value1,peaks_min,peaks_max,priceInPositionSell,priceInPositionBuy,sell,zone_sell,buy,zone_buy,triggerSell,triggerBuy
0,0,202407310030,1.082,1.08174,1.08199,1.08176,2883,m30,1,1.0,,0,1,0,,1,,0,0
1,0,202407310045,1.0819299999999998,1.0818299999999998,1.08191,1.08189,333,m5,1,,,0,0,0,,0,,0,0
2,1,202407310050,1.082,1.08187,1.08189,1.08191,620,m5,1,1.0,,0,1,0,0.0,1,1.0,0,1
3,2,202407310055,1.08199,1.08185,1.08199,1.08189,696,m5,1,,,0,0,0,0.0,1,0.0,0,0
4,1,202407310100,1.08235,1.08195,1.0820100000000001,1.08199,3481,m30,1,,,0,0,0,0.0,1,0.0,0,0
5,3,202407310100,1.08214,1.08196,1.08207,1.08199,339,m5,1,,,0,0,0,0.0,1,0.0,0,0
6,4,202407310105,1.08213,1.0820100000000001,1.0821,1.08207,580,m5,1,,,0,0,0,0.0,1,0.0,0,0
7,5,202407310110,1.0823200000000002,1.08209,1.0823200000000002,1.0821,634,m5,1,,,0,0,0,0.0,1,0.0,0,0
8,6,202407310115,1.08235,1.0821,1.08212,1.0823200000000002,777,m5,1,,,0,0,0,0.0,1,0.0,0,0
9,7,202407310120,1.0822,1.08196,1.08219,1.08212,747,m5,1,,,0,0,0,0.0,1,0.0,0,0
10,8,202407310125,1.08219,1.08195,1.0820100000000001,1.08219,404,m5,1,,,0,0,0,0.0,1,0.0,0,0
11,9,202407310130,1.08206,1.08165,1.08202,1.0820100000000001,2455,m5,1,,,0,0,0,0.0,1,0.0,0,0
12,2,202407310130,1.08243,1.08165,1.0822100000000001,1.0820100000000001,7421,m30,1,,,0,0,0,0.0,1,0.0,0,0
13,10,202407310135,1.0823200000000002,1.08195,1.0823200000000002,1.08202,1474,m5,1,,,0,0,0,0.0,1,0.0,0,0
14,11,202407310140,1.08241,1.08212,1.0824,1.0823200000000002,1026,m5,1,,,0,0,0,0.0,1,0.0,0,0
15,12,202407310145,1.08243,1.0822100000000001,1.0824,1.0824,874,m5,1,,,0,0,0,0.0,1,0.0,0,0
16,13,202407310150,1.0824200000000002,1.0821,1.0822,1.0824,743,m5,1,,,0,0,0,0.0,1,0.0,0,0
17,14,202407310155,1.0823200000000002,1.08215,1.0822100000000001,1.0822,849,m5,1,,,0,0,0,0.0,1,0.0,0,0
18,15,202407310200,1.0823399999999999,1.08199,1.08231,1.0822100000000001,894,m5,1,,,0,0,0,0.0,1,0.0,0,0
19,3,202407310200,1.08263,1.08199,1.08257,1.0822100000000001,4550,m30,1,,,0,0,0,0.0,1,0.0,0,0
20,16,202407310205,1.08253,1.0822,1.08237,1.08231,562,m5,1,,,0,0,0,0.0,1,0.0,0,0
21,17,202407310210,1.08241,1.08206,1.08218,1.08237,1053,m5,1,,,0,0,0,0.0,1,0.0,0,0
22,18,202407310215,1.08247,1.08217,1.08231,1.08218,687,m5,1,,,0,0,0,0.0,1,0.0,0,0
23,19,202407310220,1.08254,1.08229,1.08246,1.08231,772,m5,1,,,0,0,0,0.0,1,0.0,0,0
24,20,202407310225,1.08263,1.08244,1.08257,1.08246,582,m5,1,,,0,0,0,0.0,1,0.0,0,0
25,21,202407310230,1.08275,1.08254,1.08269,1.08257,655,m5,1,,,0,0,0,0.0,1,0.0,0,0
26,4,202407310230,1.08283,1.08254,1.08265,1.08257,3344,m30,1,,,0,0,0,0.0,1,0.0,0,0
27,22,202407310235,1.0827200000000001,1.08255,1.08261,1.08269,678,m5,1,,,0,0,0,0.0,1,0.0,0,0
28,23,202407310240,1.08273,1.0826,1.0827,1.08261,565,m5,1,,,0,0,0,0.0,1,0.0,0,0
29,24,202407310245,1.08283,1.08266,1.0827200000000001,1.0827,520,m5,1,,,0,0,0,0.0,1,0.0,0,0
30,25,202407310250,1.0827799999999999,1.08267,1.0827200000000001,1.0827200000000001,470,m5,1,,,0,0,0,0.0,1,0.0,0,0
31,26,202407310255,1.0827799999999999,1.08265,1.08265,1.0827200000000001,456,m5,1,,,0,0,0,0.0,1,0.0,0,0
32,27,202407310300,1.08271,1.08257,1.0827,1.08265,304,m5,1,,,0,0,0,0.0,1,0.0,0,0
33,5,202407310300,1.08297,1.08253,1.08294,1.08265,2658,m30,1,,1.0,1,0,1,1.0,1,0.0,0,0
34,28,202407310305,1.0827200000000001,1.08255,1.08255,1.0827,542,m5,1,,,0,0,0,0.0,1,0.0,0,0
35,29,202407310310,1.08279,1.08253,1.08277,1.08255,493,m5,1,,,0,0,0,0.0,1,0.0,0,0
36,30,202407310315,1.08297,1.08276,1.0828799999999998,1.08277,508,m5,1,,,0,0,0,0.0,1,0.0,0,0
37,31,202407310320,1.08291,1.08276,1.08291,1.0828799999999998,466,m5,1,,,0,0,0,0.0,1,0.0,0,0
38,32,202407310325,1.0829600000000001,1.08286,1.08294,1.08291,345,m5,1,,1.0,1,0,1,1.0,1,0.0,1,0
39,33,202407310330,1.08302,1.0828799999999998,1.08292,1.08294,518,m5,1,,,0,0,1,0.0,0,-1.0,0,0
40,6,202407310330,1.08302,1.08219,1.0822,1.08294,5239,m30,1,,,0,0,1,0.0,0,-1.0,0,0
41,34,202407310335,1.08292,1.08265,1.08274,1.08292,477,m5,1,,,0,0,1,0.0,0,0.0,0,0
42,35,202407310340,1.08275,1.08264,1.0827,1.08274,367,m5,1,,,0,0,1,0.0,0,0.0,0,0
43,36,202407310345,1.08275,1.0825200000000001,1.08255,1.0827,914,m5,1,,,0,0,1,0.0,0,0.0,0,0
44,37,202407310350,1.08265,1.0825200000000001,1.08254,1.08255,398,m5,1,,,0,0,1,0.0,0,0.0,0,0
45,38,202407310355,1.0828200000000001,1.08219,1.0822,1.08254,2565,m5,1,1.0,,0,1,1,0.0,1,1.0,0,0
46,39,202407310400,1.0825200000000001,1.08212,1.08251,1.0822,1995,m5,1,,,0,0,0,-1.0,1,0.0,0,0
47,7,202407310400,1.08259,1.08212,1.08244,1.0822,6176,m30,1,,,0,0,1,0.0,0,0.0,0,0
48,40,202407310405,1.08259,1.08236,1.0824200000000002,1.08251,1010,m5,1,,,0,0,0,0.0,1,0.0,0,0
49,41,202407310410,1.08244,1.08225,1.08228,1.0824200000000002,795,m5,1,,,0,0,0,0.0,1,0.0,0,0
50,42,202407310415,1.0823399999999999,1.08215,1.08231,1.08228,825,m5,1,,,0,0,0,0.0,1,0.0,0,0
51,43,202407310420,1.08248,1.0823,1.08237,1.08231,992,m5,1,,,0,0,0,0.0,1,0.0,0,0
52,44,202407310425,1.08249,1.08236,1.08244,1.08237,559,m5,1,,,0,0,0,0.0,1,0.0,0,0
53,45,202407310430,1.08244,1.08229,1.08231,1.08244,386,m5,1,,,0,0,0,0.0,1,0.0,0,0
54,8,202407310430,1.0826,1.08229,1.08254,1.08244,2617,m30,1,,,0,0,1,0.0,0,0.0,0,0
55,46,202407310435,1.08248,1.08231,1.08248,1.08231,384,m5,1,,,0,0,0,0.0,1,0.0,0,0
56,47,202407310440,1.0825200000000001,1.0824,1.08245,1.08248,540,m5,1,,,0,0,0,0.0,1,0.0,0,0
57,48,202407310445,1.0825,1.0824,1.08247,1.08245,386,m5,1,,,0,0,0,0.0,1,0.0,0,0
58,49,202407310450,1.08247,1.0823200000000002,1.08244,1.08247,420,m5,1,,,0,0,0,0.0,1,0.0,0,0
59,50,202407310455,1.0826,1.08244,1.08254,1.08244,501,m5,1,,1.0,1,0,1,1.0,1,0.0,0,0
60,51,202407310500,1.08265,1.0825,1.08253,1.08254,411,m5,1,,,0,0,1,0.0,0,-1.0,0,0
61,9,202407310500,1.08265,1.08227,1.08236,1.08254,2475,m30,1,,,0,0,1,0.0,0,0.0,0,0
62,52,202407310505,1.08259,1.0824,1.08251,1.08253,417,m5,1,,,0,0,1,0.0,0,0.0,0,0
63,53,202407310510,1.0825200000000001,1.08237,1.0824200000000002,1.08251,393,m5,1,,,0,0,1,0.0,0,0.0,0,0
64,54,202407310515,1.08251,1.08237,1.08251,1.0824200000000002,307,m5,1,,,0,0,1,0.0,0,0.0,0,0
65,55,202407310520,1.0825200000000001,1.08227,1.0824,1.08251,512,m5,1,,,0,0,1,0.0,0,0.0,0,0
66,56,202407310525,1.0824,1.08231,1.08236,1.0824,435,m5,1,,,0,0,1,0.0,0,0.0,0,0
67,10,202407310530,1.0826799999999999,1.08199,1.0825,1.08236,3728,m30,1,,,0,0,1,0.0,0,0.0,0,0
68,57,202407310530,1.08237,1.08216,1.08217,1.08236,761,m5,1,,,0,0,1,0.0,0,0.0,0,0
69,58,202407310535,1.08219,1.08205,1.0821,1.08217,476,m5,1,,,0,0,1,0.0,0,0.0,0,0
70,59,202407310540,1.08223,1.08199,1.0822200000000002,1.0821,479,m5,1,,,0,0,1,0.0,0,0.0,0,0
71,60,202407310545,1.0823399999999999,1.08219,1.08226,1.0822200000000002,546,m5,1,,,0,0,1,0.0,0,0.0,0,0
72,61,202407310550,1.08254,1.08219,1.0825200000000001,1.08226,650,m5,1,,,0,0,1,0.0,0,0.0,0,0
73,62,202407310555,1.0826799999999999,1.08246,1.0825,1.0825200000000001,816,m5,1,,,0,0,1,0.0,0,0.0,0,0
74,63,202407310600,1.0825,1.0818,1.08188,1.0825,1483,m5,1,,,0,0,1,0.0,0,0.0,0,0
75,11,202407310600,1.0825,1.08171,1.0820100000000001,1.0825,6680,m30,1,,,0,0,1,0.0,0,0.0,0,0
76,64,202407310605,1.08208,1.08181,1.0820100000000001,1.08188,1295,m5,1,,,0,0,1,0.0,0,0.0,0,0
77,65,202407310610,1.08239,1.082,1.08238,1.0820100000000001,821,m5,1,,,0,0,1,0.0,0,0.0,0,0
78,66,202407310615,1.08245,1.08205,1.08205,1.08238,1113,m5,1,,,0,0,1,0.0,0,0.0,0,0
79,67,202407310620,1.0822,1.0818,1.0818299999999998,1.08205,862,m5,1,,,0,0,1,0.0,0,0.0,0,0
80,68,202407310625,1.0820299999999998,1.08171,1.0820100000000001,1.0818299999999998,1106,m5,1,,,0,0,1,0.0,0,0.0,0,0
81,69,202407310630,1.0820299999999998,1.0817,1.08175,1.0820100000000001,1217,m5,1,,,0,0,1,0.0,0,0.0,0,0
82,12,202407310630,1.08255,1.08154,1.0825200000000001,1.0820100000000001,7530,m30,1,,,0,0,1,0.0,0,0.0,0,0
83,70,202407310635,1.08184,1.0816299999999999,1.08172,1.08175,806,m5,1,,,0,0,1,0.0,0,0.0,0,0
84,71,202407310640,1.08225,1.0817,1.08216,1.08172,1051,m5,1,,,0,0,1,0.0,0,0.0,0,0
85,72,202407310645,1.08216,1.08154,1.08192,1.08216,1875,m5,1,,,0,0,1,0.0,0,0.0,0,0
86,73,202407310650,1.08213,1.08168,1.08206,1.08192,1157,m5,1,,,0,0,1,0.0,0,0.0,0,0
87,74,202407310655,1.08255,1.08205,1.0825200000000001,1.08206,1424,m5,1,,1.0,1,0,1,0.0,0,0.0,0,0
88,13,202407310700,1.0825200000000001,1.08115,1.0820299999999998,1.0825200000000001,9133,m30,1,,,0,0,1,0.0,0,0.0,0,0
89,75,202407310700,1.0825200000000001,1.08145,1.08151,1.0825200000000001,1780,m5,1,1.0,,0,1,1,0.0,1,1.0,0,0
90,76,202407310705,1.08184,1.0814,1.0818299999999998,1.08151,1481,m5,1,,,0,0,0,-1.0,1,0.0,0,0
91,77,202407310710,1.08206,1.08153,1.08159,1.0818299999999998,1492,m5,1,,,0,0,0,0.0,1,0.0,0,0
92,78,202407310715,1.08165,1.08115,1.0815700000000001,1.08159,1413,m5,1,,,0,0,0,0.0,1,0.0,0,0
93,79,202407310720,1.08181,1.0815,1.08175,1.0815700000000001,1694,m5,1,,,0,0,0,0.0,1,0.0,0,0
94,80,202407310725,1.08205,1.08166,1.0820299999999998,1.08175,1273,m5,1,,,0,0,0,0.0,1,0.0,0,0
95,14,202407310730,1.08241,1.0814,1.0818,1.0820299999999998,7885,m30,1,,,0,0,1,0.0,0,0.0,0,0
96,81,202407310730,1.08215,1.0815700000000001,1.08165,1.0820299999999998,1148,m5,1,,,0,0,0,0.0,1,0.0,0,0
97,82,202407310735,1.08178,1.08152,1.08171,1.08165,1071,m5,1,,,0,0,0,0.0,1,0.0,0,0
98,83,202407310740,1.0818299999999998,1.0814,1.08181,1.08171,1245,m5,1,,,0,0,0,0.0,1,0.0,0,0
99,84,202407310745,1.08241,1.08174,1.08227,1.08181,1750,m5,1,,,0,0,0,0.0,1,0.0,0,0
100,85,202407310750,1.08239,1.0821,1.08233,1.08227,1356,m5,1,,1.0,1,0,1,1.0,1,0.0,0,0
101,86,202407310755,1.08236,1.08178,1.0818,1.08233,1315,m5,1,,,0,0,1,0.0,0,-1.0,0,0
102,87,202407310800,1.08184,1.08126,1.0812899999999999,1.0818,1461,m5,1,,,0,0,1,0.0,0,0.0,0,0
103,15,202407310800,1.08184,1.08065,1.0816,1.0818,9279,m30,1,1.0,,0,1,1,0.0,1,1.0,0,0
104,88,202407310805,1.0816,1.08099,1.0811899999999999,1.0812899999999999,2118,m5,1,,,0,0,1,0.0,0,0.0,0,0
105,89,202407310810,1.0811899999999999,1.08079,1.0808,1.0811899999999999,1625,m5,1,1.0,,0,1,1,0.0,1,1.0,0,1
106,90,202407310815,1.08132,1.08065,1.0813,1.0808,1876,m5,1,,,0,0,0,-1.0,1,0.0,0,0
107,91,202407310820,1.08153,1.0813,1.08145,1.0813,1121,m5,1,,,0,0,0,0.0,1,0.0,0,0
108,92,202407310825,1.08172,1.08142,1.0816,1.08145,1078,m5,1,,,0,0,0,0.0,1,0.0,0,0
109,16,202407310830,1.08275,1.08107,1.08225,1.0816,6180,m30,1,,,0,0,0,-1.0,1,0.0,0,0
110,93,202407310830,1.08161,1.0811,1.0811,1.0816,1265,m5,1,,,0,0,0,0.0,1,0.0,0,0
111,94,202407310835,1.08153,1.08107,1.08152,1.0811,901,m5,1,,,0,0,0,0.0,1,0.0,0,0
112,95,202407310840,1.0817299999999999,1.0815,1.0817,1.08152,1019,m5,1,,,0,0,0,0.0,1,0.0,0,0
113,96,202407310845,1.08199,1.08168,1.08188,1.0817,936,m5,1,,,0,0,0,0.0,1,0.0,0,0
114,97,202407310850,1.08225,1.08175,1.08223,1.08188,1010,m5,1,,,0,0,0,0.0,1,0.0,0,0
115,98,202407310855,1.08275,1.0821,1.08225,1.08223,1049,m5,1,,,0,0,0,0.0,1,0.0,0,0
116,99,202407310900,1.08247,1.08219,1.08228,1.08225,832,m5,1,,,0,0,0,0.0,1,0.0,0,0
117,17,202407310900,1.0826799999999999,1.08219,1.08263,1.08225,5831,m30,1,,,0,0,0,0.0,1,0.0,0,0
118,100,202407310905,1.08257,1.08223,1.08244,1.08228,1188,m5,1,,,0,0,0,0.0,1,0.0,0,0
119,101,202407310910,1.08249,1.0823200000000002,1.08237,1.08244,827,m5,1,,,0,0,0,0.0,1,0.0,0,0
120,102,202407310915,1.0826799999999999,1.08225,1.08251,1.08237,928,m5,1,,,0,0,0,0.0,1,0.0,0,0
121,103,202407310920,1.0826799999999999,1.08233,1.08244,1.08251,1106,m5,1,,,0,0,0,0.0,1,0.0,0,0
122,104,202407310925,1.0826799999999999,1.08238,1.08263,1.08244,950,m5,1,,,0,0,0,0.0,1,0.0,0,0
123,18,202407310930,1.08277,1.08245,1.08259,1.08263,4150,m30,1,,,0,0,0,0.0,1,0.0,0,0
124,105,202407310930,1.08269,1.08249,1.08249,1.08263,865,m5,1,,,0,0,0,0.0,1,0.0,0,0
125,106,202407310935,1.08265,1.08245,1.08255,1.08249,663,m5,1,,,0,0,0,0.0,1,0.0,0,0
126,107,202407310940,1.08259,1.08249,1.0825799999999999,1.08255,542,m5,1,,,0,0,0,0.0,1,0.0,0,0
127,108,202407310945,1.0826799999999999,1.0825200000000001,1.08259,1.0825799999999999,743,m5,1,,,0,0,0,0.0,1,0.0,0,0
128,109,202407310950,1.0827,1.08246,1.08266,1.08259,643,m5,1,,,0,0,0,0.0,1,0.0,0,0
129,110,202407310955,1.08277,1.08246,1.08259,1.08266,694,m5,1,,,0,0,0,0.0,1,0.0,0,0
130,111,202407311000,1.0830799999999998,1.08249,1.0830799999999998,1.08259,800,m5,1,,,0,0,0,0.0,1,0.0,0,0
131,19,202407311000,1.08333,1.08249,1.0831,1.08259,4429,m30,1,,,0,0,0,0.0,1,0.0,0,0
132,112,202407311005,1.08333,1.08304,1.08311,1.0830799999999998,976,m5,1,,,0,0,0,0.0,1,0.0,0,0
133,113,202407311010,1.08321,1.08287,1.0828799999999998,1.08311,1003,m5,1,,,0,0,0,0.0,1,0.0,0,0
134,114,202407311015,1.08289,1.08265,1.08276,1.0828799999999998,549,m5,1,,,0,0,0,0.0,1,0.0,0,0
135,115,202407311020,1.08289,1.08271,1.08281,1.08276,562,m5,1,,,0,0,0,0.0,1,0.0,0,0
136,116,202407311025,1.08322,1.0828,1.0831,1.08281,539,m5,1,,,0,0,0,0.0,1,0.0,0,0
137,117,202407311030,1.08335,1.08305,1.08331,1.0831,529,m5,1,,,0,0,0,0.0,1,0.0,0,0
138,20,202407311030,1.08353,1.08295,1.08331,1.0831,2546,m30,1,,,0,0,0,0.0,1,0.0,0,0
139,118,202407311035,1.08333,1.08315,1.0832600000000001,1.08331,372,m5,1,,,0,0,0,0.0,1,0.0,0,0
140,119,202407311040,1.08353,1.0832600000000001,1.08336,1.0832600000000001,444,m5,1,,,0,0,0,0.0,1,0.0,0,0
141,120,202407311045,1.08336,1.08295,1.0829600000000001,1.08336,396,m5,1,,,0,0,0,0.0,1,0.0,0,0
142,121,202407311050,1.08322,1.08295,1.08311,1.0829600000000001,459,m5,1,,,0,0,0,0.0,1,0.0,0,0
143,122,202407311055,1.08333,1.08299,1.08331,1.08311,346,m5,1,,,0,0,0,0.0,1,0.0,0,0
144,123,202407311100,1.08346,1.0832700000000002,1.08343,1.08331,443,m5,1,,,0,0,0,0.0,1,0.0,0,0
145,21,202407311100,1.08388,1.08325,1.0836,1.08331,2945,m30,1,,,0,0,0,0.0,1,0.0,0,0
146,124,202407311105,1.08354,1.08325,1.08335,1.08343,433,m5,1,,,0,0,0,0.0,1,0.0,0,0
147,125,202407311110,1.08374,1.08332,1.0836700000000001,1.08335,510,m5,1,,,0,0,0,0.0,1,0.0,0,0
148,126,202407311115,1.08376,1.0835700000000001,1.0837299999999999,1.0836700000000001,609,m5,1,,,0,0,0,0.0,1,0.0,0,0
149,127,202407311120,1.08388,1.08364,1.08365,1.0837299999999999,539,m5,1,,,0,0,0,0.0,1,0.0,0,0
150,128,202407311125,1.08366,1.08352,1.0836,1.08365,411,m5,1,,,0,0,0,0.0,1,0.0,0,0
151,129,202407311130,1.08385,1.08358,1.08369,1.0836,594,m5,1,,,0,0,0,0.0,1,0.0,0,0
152,22,202407311130,1.08402,1.0826799999999999,1.0828200000000001,1.0836,3484,m30,1,,,0,0,0,0.0,1,0.0,0,0
153,130,202407311135,1.08398,1.08369,1.08389,1.08369,491,m5,1,,,0,0,0,0.0,1,0.0,0,0
154,131,202407311140,1.08402,1.0834,1.08343,1.08389,634,m5,1,,,0,0,0,0.0,1,0.0,0,0
155,132,202407311145,1.08344,1.08323,1.08332,1.08343,514,m5,1,,,0,0,0,0.0,1,0.0,0,0
156,133,202407311150,1.08336,1.0827799999999999,1.08279,1.08332,641,m5,1,,,0,0,0,0.0,1,0.0,0,0
157,134,202407311155,1.08289,1.0826799999999999,1.0828200000000001,1.08279,610,m5,1,,,0,0,0,0.0,1,0.0,0,0
158,23,202407311200,1.0844,1.0825,1.08415,1.0828200000000001,6896,m30,1,,,0,0,0,0.0,1,0.0,0,0
159,135,202407311200,1.0828200000000001,1.0825,1.08269,1.0828200000000001,997,m5,1,1.0,,0,1,0,0.0,1,0.0,0,0
160,136,202407311205,1.08295,1.08265,1.0828,1.08269,889,m5,1,,,0,0,0,0.0,1,0.0,0,0
161,137,202407311210,1.08304,1.08275,1.0829600000000001,1.0828,662,m5,1,,,0,0,0,0.0,1,0.0,0,0
162,138,202407311215,1.08344,1.08279,1.08341,1.0829600000000001,1816,m5,1,,,0,0,0,0.0,1,0.0,0,0
163,139,202407311220,1.0838700000000001,1.0833899999999999,1.08384,1.08341,1382,m5,1,,,0,0,0,0.0,1,0.0,0,0
164,140,202407311225,1.0844,1.08384,1.08415,1.08384,1150,m5,1,,,0,0,0,0.0,1,0.0,0,0
165,141,202407311230,1.0848,1.08402,1.08473,1.08415,2801,m5,1,,1.0,1,0,1,1.0,1,0.0,0,0
166,24,202407311230,1.0848,1.08366,1.08409,1.08415,9500,m30,1,,,0,0,0,0.0,1,0.0,0,0
167,142,202407311235,1.08475,1.08382,1.08382,1.08473,2307,m5,1,,,0,0,1,0.0,0,-1.0,0,0
168,143,202407311240,1.08423,1.0836700000000001,1.08416,1.08382,1361,m5,1,,,0,0,1,0.0,0,0.0,0,0
169,144,202407311245,1.0843399999999999,1.08412,1.08425,1.08416,1029,m5,1,,,0,0,1,0.0,0,0.0,0,0
170,145,202407311250,1.08435,1.08391,1.08409,1.08425,683,m5,1,,,0,0,1,0.0,0,0.0,0,0
171,146,202407311255,1.08416,1.08366,1.08409,1.08409,1319,m5,1,,,0,0,1,0.0,0,0.0,0,0
172,25,202407311300,1.08464,1.08385,1.0846,1.08409,7301,m30,1,,1.0,1,0,1,1.0,1,0.0,0,0
173,147,202407311300,1.08427,1.08386,1.084,1.08409,1165,m5,1,,,0,0,1,0.0,0,0.0,0,0
174,148,202407311305,1.0844,1.08385,1.08436,1.084,1410,m5,1,,,0,0,1,0.0,0,0.0,0,0
175,149,202407311310,1.08454,1.08428,1.0843399999999999,1.08436,1312,m5,1,,,0,0,1,0.0,0,0.0,0,0
176,150,202407311315,1.0845799999999999,1.0842399999999999,1.08455,1.0843399999999999,1091,m5,1,,,0,0,1,0.0,0,0.0,0,0
177,151,202407311320,1.08464,1.08435,1.08436,1.08455,1141,m5,1,,,0,0,1,0.0,0,0.0,0,0
178,152,202407311325,1.0846,1.0841100000000001,1.0846,1.08436,1182,m5,1,,,0,0,1,0.0,0,0.0,0,0
179,153,202407311330,1.0847799999999999,1.08448,1.08455,1.0846,1655,m5,1,,,0,0,1,0.0,0,0.0,0,0
180,26,202407311330,1.08493,1.08399,1.08429,1.0846,7215,m30,1,,,0,0,1,0.0,0,-1.0,0,0
181,154,202407311335,1.08493,1.08454,1.08461,1.08455,1473,m5,1,,1.0,1,0,1,0.0,0,0.0,0,0
182,155,202407311340,1.08461,1.08417,1.0842,1.08461,691,m5,1,,,0,0,1,0.0,0,0.0,0,0
183,156,202407311345,1.0844200000000002,1.08417,1.0843200000000002,1.0842,1086,m5,1,,,0,0,1,0.0,0,0.0,0,0
184,157,202407311350,1.08436,1.08399,1.08428,1.0843200000000002,1315,m5,1,,,0,0,1,0.0,0,0.0,0,0
185,158,202407311355,1.08439,1.08417,1.08429,1.08428,995,m5,1,,,0,0,1,0.0,0,0.0,0,0
186,27,202407311400,1.0846799999999999,1.0836700000000001,1.08397,1.08429,9180,m30,1,,,0,0,1,0.0,0,0.0,0,0
187,159,202407311400,1.0846799999999999,1.0842,1.08448,1.08429,1675,m5,1,,,0,0,1,0.0,0,0.0,0,0
188,160,202407311405,1.0846200000000001,1.08405,1.08407,1.08448,1534,m5,1,,,0,0,1,0.0,0,0.0,0,0
189,161,202407311410,1.08438,1.08397,1.0840100000000001,1.08407,1856,m5,1,,,0,0,1,0.0,0,0.0,0,0
190,162,202407311415,1.0842200000000002,1.08368,1.0837299999999999,1.0840100000000001,1527,m5,1,,,0,0,1,0.0,0,0.0,0,0
191,163,202407311420,1.08395,1.0836700000000001,1.0838,1.0837299999999999,1464,m5,1,,,0,0,1,0.0,0,0.0,0,0
192,164,202407311425,1.08398,1.08371,1.08397,1.0838,1124,m5,1,,,0,0,1,0.0,0,0.0,0,0
193,165,202407311430,1.08404,1.0837,1.08402,1.08397,1418,m5,1,,,0,0,1,0.0,0,0.0,0,0
194,28,202407311430,1.0842,1.0817299999999999,1.08216,1.08397,11717,m30,1,,,0,0,1,0.0,0,0.0,0,0
195,166,202407311435,1.0842,1.08356,1.08358,1.08402,1150,m5,1,,,0,0,1,0.0,0,0.0,0,0
196,167,202407311440,1.08361,1.08267,1.0826799999999999,1.08358,1443,m5,1,,,0,0,1,0.0,0,0.0,0,0
197,168,202407311445,1.0829,1.0822,1.08263,1.0826799999999999,2025,m5,1,,,0,0,1,0.0,0,0.0,0,0
198,169,202407311450,1.08264,1.0819,1.08214,1.08263,2728,m5,1,,,0,0,1,0.0,0,0.0,0,0
199,170,202407311455,1.08237,1.0817299999999999,1.08216,1.08214,2953,m5,1,,,0,0,1,0.0,0,0.0,0,0
200,171,202407311500,1.08253,1.0820100000000001,1.0824,1.08216,2864,m5,1,,,0,0,1,0.0,0,0.0,0,0
201,29,202407311500,1.08253,1.08189,1.08204,1.08216,9324,m30,1,,,0,0,1,0.0,0,0.0,0,0
202,172,202407311505,1.0825,1.08226,1.08241,1.0824,1570,m5,1,,,0,0,1,0.0,0,0.0,0,0
203,173,202407311510,1.08253,1.0820100000000001,1.08212,1.08241,1543,m5,1,,,0,0,1,0.0,0,0.0,0,0
204,174,202407311515,1.0823399999999999,1.0820100000000001,1.08206,1.08212,1522,m5,1,,,0,0,1,0.0,0,0.0,0,0
205,175,202407311520,1.0822100000000001,1.08199,1.0822100000000001,1.08206,879,m5,1,,,0,0,1,0.0,0,0.0,0,0
206,176,202407311525,1.08231,1.08189,1.08204,1.0822100000000001,946,m5,1,,,0,0,1,0.0,0,0.0,0,0
207,30,202407311530,1.08277,1.082,1.08228,1.08204,5061,m30,1,,,0,0,1,0.0,0,0.0,0,0
208,177,202407311530,1.0826200000000001,1.08204,1.08257,1.08204,797,m5,1,,,0,0,1,0.0,0,0.0,0,0
209,178,202407311535,1.08277,1.08257,1.08269,1.08257,995,m5,1,,1.0,1,0,1,0.0,0,0.0,0,0
210,179,202407311540,1.0827200000000001,1.08248,1.08255,1.08269,674,m5,1,,,0,0,1,0.0,0,0.0,0,0
211,180,202407311545,1.0826,1.0822399999999999,1.08228,1.08255,830,m5,1,,,0,0,1,0.0,0,0.0,0,0
212,181,202407311550,1.08231,1.082,1.08214,1.08228,915,m5,1,,,0,0,1,0.0,0,0.0,0,0
213,182,202407311555,1.0824,1.08208,1.08228,1.08214,850,m5,1,,,0,0,1,0.0,0,0.0,0,0
214,31,202407311600,1.08231,1.0807,1.08077,1.08228,4350,m30,1,1.0,,0,1,1,0.0,1,1.0,0,0
215,183,202407311600,1.08231,1.0817,1.08176,1.08228,804,m5,1,,,0,0,1,0.0,0,0.0,0,0
216,184,202407311605,1.08176,1.0816,1.0816,1.08176,785,m5,1,,,0,0,1,0.0,0,0.0,0,0
217,185,202407311610,1.08171,1.08144,1.0814700000000002,1.0816,687,m5,1,,,0,0,1,0.0,0,0.0,0,0
218,186,202407311615,1.08151,1.08114,1.0811899999999999,1.0814700000000002,691,m5,1,,,0,0,1,0.0,0,0.0,0,0
219,187,202407311620,1.08139,1.08104,1.08104,1.0811899999999999,619,m5,1,,,0,0,1,0.0,0,0.0,0,0
220,188,202407311625,1.0810600000000001,1.0807,1.08077,1.08104,764,m5,1,,,0,0,1,0.0,0,0.0,0,0
221,189,202407311630,1.081,1.08076,1.08079,1.08077,964,m5,1,,,0,0,1,0.0,0,0.0,0,0
222,32,202407311630,1.081,1.0804200000000002,1.08092,1.08077,4825,m30,1,,,0,0,0,-1.0,1,0.0,0,0
223,190,202407311635,1.08079,1.08057,1.0806799999999999,1.08079,658,m5,1,,,0,0,1,0.0,0,0.0,0,0
224,191,202407311640,1.08075,1.0804200000000002,1.08065,1.0806799999999999,689,m5,1,1.0,,0,1,1,0.0,1,1.0,0,0
225,192,202407311645,1.08092,1.08057,1.08079,1.08065,1051,m5,1,,,0,0,0,-1.0,1,0.0,0,0
226,193,202407311650,1.0808200000000001,1.08067,1.0808200000000001,1.08079,834,m5,1,,,0,0,0,0.0,1,0.0,0,0
227,194,202407311655,1.0809600000000001,1.08081,1.08092,1.0808200000000001,629,m5,1,,,0,0,0,0.0,1,0.0,0,0
228,195,202407311700,1.08103,1.08087,1.08103,1.08092,711,m5,1,,,0,0,0,0.0,1,0.0,0,0
229,33,202407311700,1.08117,1.08077,1.08092,1.08092,3880,m30,1,,,0,0,0,0.0,1,0.0,0,0
230,196,202407311705,1.08117,1.08086,1.08107,1.08103,576,m5,1,,,0,0,0,0.0,1,0.0,0,0
231,197,202407311710,1.08113,1.08086,1.0808799999999998,1.08107,593,m5,1,,,0,0,0,0.0,1,0.0,0,0
232,198,202407311715,1.0809799999999998,1.08077,1.0808799999999998,1.0808799999999998,703,m5,1,,,0,0,0,0.0,1,0.0,0,0
233,199,202407311720,1.08093,1.08077,1.08092,1.0808799999999998,592,m5,1,,,0,0,0,0.0,1,0.0,0,0
234,200,202407311725,1.08104,1.08081,1.08092,1.08092,705,m5,1,,,0,0,0,0.0,1,0.0,0,0
235,201,202407311730,1.08093,1.08056,1.0807200000000001,1.08092,835,m5,1,,,0,0,0,0.0,1,0.0,0,0
236,34,202407311730,1.08168,1.08056,1.08162,1.08092,4527,m30,1,,,0,0,0,0.0,1,0.0,0,0
237,202,202407311735,1.08089,1.0807200000000001,1.08089,1.0807200000000001,816,m5,1,,,0,0,0,0.0,1,0.0,0,0
238,203,202407311740,1.08113,1.0808799999999998,1.08107,1.08089,846,m5,1,,,0,0,0,0.0,1,0.0,0,0
239,204,202407311745,1.08135,1.08105,1.08133,1.08107,712,m5,1,,,0,0,0,0.0,1,0.0,0,0
240,205,202407311750,1.08154,1.08132,1.08148,1.08133,747,m5,1,,,0,0,0,0.0,1,0.0,0,0
241,206,202407311755,1.08168,1.08143,1.08162,1.08148,571,m5,1,,,0,0,0,0.0,1,0.0,0,0
242,207,202407311800,1.08162,1.08017,1.08103,1.08162,3286,m5,1,,,0,0,0,0.0,1,0.0,0,0
243,35,202407311800,1.08162,1.08017,1.08128,1.08162,10843,m30,1,,,0,0,0,0.0,1,0.0,0,0
244,208,202407311805,1.08114,1.08038,1.08084,1.08103,2421,m5,1,,,0,0,0,0.0,1,0.0,0,0
245,209,202407311810,1.08118,1.08044,1.08071,1.08084,1608,m5,1,1.0,,0,1,0,0.0,1,0.0,0,0
246,210,202407311815,1.08112,1.08055,1.08101,1.08071,1504,m5,1,,,0,0,0,0.0,1,0.0,0,0
247,211,202407311820,1.08115,1.08079,1.08112,1.08101,1075,m5,1,,,0,0,0,0.0,1,0.0,0,0
248,212,202407311825,1.08133,1.081,1.08128,1.08112,949,m5,1,,,0,0,0,0.0,1,0.0,0,0
249,213,202407311830,1.08195,1.08123,1.08175,1.08128,1523,m5,1,,,0,0,0,0.0,1,0.0,0,0
250,36,202407311830,1.08293,1.0811600000000001,1.08264,1.08128,14907,m30,1,,,0,0,0,0.0,1,0.0,0,0
251,214,202407311835,1.0822399999999999,1.0811600000000001,1.08213,1.08175,3422,m5,1,,,0,0,0,0.0,1,0.0,0,0
252,215,202407311840,1.0827799999999999,1.08205,1.0825200000000001,1.08213,2980,m5,1,,,0,0,0,0.0,1,0.0,0,0
253,216,202407311845,1.08293,1.0823399999999999,1.0827799999999999,1.0825200000000001,1991,m5,1,,,0,0,0,0.0,1,0.0,0,0
254,217,202407311850,1.08292,1.08231,1.08244,1.0827799999999999,2650,m5,1,,,0,0,0,0.0,1,0.0,0,0
255,218,202407311855,1.08269,1.08213,1.08264,1.08244,2341,m5,1,,,0,0,0,0.0,1,0.0,0,0
256,219,202407311900,1.08312,1.08261,1.08299,1.08264,1642,m5,1,,,0,0,0,0.0,1,0.0,0,0
257,37,202407311900,1.0832899999999999,1.0822,1.08225,1.08264,9809,m30,1,,,0,0,0,0.0,1,0.0,0,0
258,220,202407311905,1.08314,1.0828,1.0828200000000001,1.08299,1633,m5,1,,,0,0,0,0.0,1,0.0,0,0
259,221,202407311910,1.0832899999999999,1.08276,1.0830600000000001,1.0828200000000001,1487,m5,1,,1.0,1,0,1,1.0,1,0.0,0,0
260,222,202407311915,1.08325,1.0829799999999998,1.08304,1.0830600000000001,1420,m5,1,,,0,0,1,0.0,0,-1.0,0,0
261,223,202407311920,1.0830799999999998,1.0827200000000001,1.0827200000000001,1.08304,1474,m5,1,,,0,0,1,0.0,0,0.0,0,0
262,224,202407311925,1.08284,1.0822,1.08225,1.0827200000000001,2153,m5,1,,,0,0,1,0.0,0,0.0,0,0
263,225,202407311930,1.0825799999999999,1.08191,1.08244,1.08225,2061,m5,1,,,0,0,1,0.0,0,0.0,0,0
264,38,202407311930,1.08313,1.08191,1.08226,1.08225,9120,m30,1,,,0,0,0,0.0,1,0.0,0,0
265,226,202407311935,1.0828200000000001,1.0823,1.08243,1.08244,1676,m5,1,,,0,0,1,0.0,0,0.0,0,0
266,227,202407311940,1.0831,1.08243,1.08293,1.08243,1398,m5,1,,,0,0,1,0.0,0,0.0,0,0
267,228,202407311945,1.08313,1.08267,1.08284,1.08293,1243,m5,1,,,0,0,1,0.0,0,0.0,0,0
268,229,202407311950,1.08312,1.08264,1.08283,1.08284,1399,m5,1,,,0,0,1,0.0,0,0.0,0,0
269,230,202407311955,1.08292,1.0822100000000001,1.08226,1.08283,1343,m5,1,,,0,0,1,0.0,0,0.0,0,0
270,231,202407312000,1.08227,1.08169,1.0822399999999999,1.08226,1047,m5,1,1.0,,0,1,1,0.0,1,1.0,0,0
271,39,202407312000,1.0826,1.08169,1.08245,1.08226,2929,m30,1,,,0,0,0,0.0,1,0.0,0,0
272,232,202407312005,1.0824,1.08218,1.08239,1.0822399999999999,531,m5,1,,,0,0,0,-1.0,1,0.0,0,0
273,233,202407312010,1.08257,1.08239,1.08253,1.08239,414,m5,1,,,0,0,0,0.0,1,0.0,0,0
274,234,202407312015,1.0826,1.08236,1.08238,1.08253,381,m5,1,,,0,0,0,0.0,1,0.0,0,0
275,235,202407312020,1.08249,1.08231,1.08247,1.08238,352,m5,1,,,0,0,0,0.0,1,0.0,0,0
276,236,202407312025,1.0826,1.0824200000000002,1.08245,1.08247,204,m5,1,,,0,0,0,0.0,1,0.0,0,0
277,237,202407312030,1.08265,1.08245,1.08257,1.08245,235,m5,1,,,0,0,0,0.0,1,0.0,0,0
278,40,202407312030,1.0828200000000001,1.08236,1.08256,1.08245,2032,m30,1,,,0,0,0,0.0,1,0.0,0,0
279,238,202407312035,1.0828200000000001,1.0824200000000002,1.08275,1.08257,451,m5,1,,,0,0,0,0.0,1,0.0,0,0
280,239,202407312040,1.0828,1.08264,1.08264,1.08275,259,m5,1,,,0,0,0,0.0,1,0.0,0,0
281,240,202407312045,1.08265,1.08236,1.0825200000000001,1.08264,301,m5,1,,,0,0,0,0.0,1,0.0,0,0
282,241,202407312050,1.08266,1.0825200000000001,1.0826200000000001,1.0825200000000001,347,m5,1,,,0,0,0,0.0,1,0.0,0,0
283,242,202407312055,1.0826799999999999,1.08255,1.08256,1.0826200000000001,439,m5,1,,,0,0,0,0.0,1,0.0,0,0
284,41,202407312100,1.08275,1.0822200000000002,1.0826200000000001,1.08256,296,m30,1,,,0,0,0,0.0,1,0.0,0,0
285,243,202407312100,1.08256,1.0822200000000002,1.08229,1.08256,19,m5,1,1.0,,0,1,0,0.0,1,0.0,0,0
286,244,202407312105,1.08239,1.08229,1.08235,1.08229,41,m5,1,,,0,0,0,0.0,1,0.0,0,0
287,245,202407312110,1.08241,1.08235,1.08236,1.08235,41,m5,1,,,0,0,0,0.0,1,0.0,0,0
288,246,202407312115,1.08275,1.08235,1.0825799999999999,1.08236,151,m5,1,,,0,0,0,0.0,1,0.0,0,0
289,247,202407312120,1.08263,1.0825799999999999,1.08263,1.0825799999999999,16,m5,1,,,0,0,0,0.0,1,0.0,0,0
290,248,202407312125,1.08264,1.08259,1.0826200000000001,1.08263,28,m5,1,,,0,0,0,0.0,1,0.0,0,0
291,42,202407312130,1.08269,1.0825799999999999,1.08263,1.0826200000000001,271,m30,1,,,0,0,0,0.0,1,0.0,0,0
292,249,202407312130,1.08263,1.0825799999999999,1.08261,1.0826200000000001,35,m5,1,,,0,0,0,0.0,1,0.0,0,0
293,250,202407312135,1.08269,1.08261,1.08267,1.08261,74,m5,1,,,0,0,0,0.0,1,0.0,0,0
294,251,202407312140,1.08269,1.0826,1.08263,1.08267,79,m5,1,,,0,0,0,0.0,1,0.0,0,0
295,252,202407312145,1.08266,1.08259,1.0826200000000001,1.08263,35,m5,1,,,0,0,0,0.0,1,0.0,0,0
296,253,202407312150,1.0826200000000001,1.0826200000000001,1.0826200000000001,1.0826200000000001,29,m5,1,,,0,0,0,0.0,1,0.0,0,0
297,254,202407312155,1.08263,1.0826200000000001,1.08263,1.0826200000000001,19,m5,1,,,0,0,0,0.0,1,0.0,0,0
298,43,202407312200,1.0831,1.08263,1.08267,1.08263,737,m30,1,,,0,0,0,0.0,1,0.0,0,0
299,255,202407312200,1.08307,1.08263,1.0830600000000001,1.08263,265,m5,1,,1.0,1,0,1,1.0,1,0.0,0,0
300,256,202407312205,1.0831,1.08303,1.08304,1.0830600000000001,38,m5,1,,,0,0,1,0.0,0,-1.0,0,0
301,257,202407312210,1.08305,1.08287,1.08291,1.08304,88,m5,1,,,0,0,1,0.0,0,0.0,0,0
302,258,202407312215,1.08295,1.0827200000000001,1.0827200000000001,1.08291,153,m5,1,,,0,0,1,0.0,0,0.0,0,0
303,259,202407312220,1.08277,1.0826799999999999,1.08274,1.0827200000000001,89,m5,1,,,0,0,1,0.0,0,0.0,0,0
304,260,202407312225,1.08276,1.08267,1.08267,1.08274,104,m5,1,,,0,0,1,0.0,0,0.0,0,0
305,44,202407312230,1.0826799999999999,1.0824,1.08243,1.08267,402,m30,1,,,0,0,0,0.0,1,0.0,0,0
306,261,202407312230,1.0826799999999999,1.08264,1.08264,1.08267,53,m5,1,,,0,0,1,0.0,0,0.0,0,0
307,262,202407312235,1.0826799999999999,1.08256,1.08257,1.08264,83,m5,1,,,0,0,1,0.0,0,0.0,0,0
308,263,202407312240,1.0826,1.08254,1.08259,1.08257,69,m5,1,,,0,0,1,0.0,0,0.0,0,0
309,264,202407312245,1.0826,1.08248,1.08251,1.08259,54,m5,1,,,0,0,1,0.0,0,0.0,0,0
310,265,202407312250,1.08253,1.0824200000000002,1.08243,1.08251,68,m5,1,,,0,0,1,0.0,0,0.0,0,0
311,266,202407312255,1.08248,1.0824,1.08243,1.08243,75,m5,1,,,0,0,1,0.0,0,0.0,0,0
312,45,202407312300,1.08256,1.0823,1.08245,1.08243,1410,m30,1,,,0,0,0,0.0,1,0.0,0,0
313,267,202407312300,1.08248,1.08236,1.08237,1.08243,107,m5,1,,,0,0,1,0.0,0,0.0,0,0
314,268,202407312305,1.08239,1.0823200000000002,1.08235,1.08237,166,m5,1,,,0,0,1,0.0,0,0.0,0,0
315,269,202407312310,1.08241,1.0823399999999999,1.08241,1.08235,193,m5,1,,,0,0,1,0.0,0,0.0,0,0
316,270,202407312315,1.08253,1.08238,1.08251,1.08241,297,m5,1,,,0,0,1,0.0,0,0.0,0,0
317,271,202407312320,1.08256,1.08246,1.08248,1.08251,334,m5,1,,,0,0,1,0.0,0,0.0,0,0
318,272,202407312325,1.08248,1.0823,1.08245,1.08248,313,m5,1,,,0,0,1,0.0,0,0.0,0,0
319,46,202407312330,1.08254,1.08217,1.08238,1.08245,2432,m30,1,,,0,0,0,0.0,1,0.0,0,0
320,273,202407312330,1.08248,1.0824,1.08243,1.08245,300,m5,1,,,0,0,1,0.0,0,0.0,0,0
321,274,202407312335,1.08243,1.0824,1.0824,1.08243,111,m5,1,,,0,0,1,0.0,0,0.0,0,0
322,275,202407312340,1.08249,1.08239,1.0824,1.0824,206,m5,1,,,0,0,1,0.0,0,0.0,0,0
323,276,202407312345,1.0824,1.08217,1.0822,1.0824,349,m5,1,1.0,,0,1,1,0.0,1,1.0,0,0
324,277,202407312350,1.08254,1.08218,1.08249,1.0822,797,m5,1,,,0,0,0,-1.0,1,0.0,0,0
325,278,202407312355,1.0825,1.08233,1.08238,1.08249,669,m5,1,,,0,0,0,0.0,1,0.0,0,0
326,47,202408010000,1.08301,1.0823200000000002,1.08292,1.08238,4362,m30,1,,,0,0,0,0.0,1,0.0,0,0
327,279,202408010000,1.08266,1.0823200000000002,1.08263,1.08238,1116,m5,1,,,0,0,0,0.0,1,0.0,0,0
328,280,202408010005,1.0826799999999999,1.08241,1.08259,1.08263,697,m5,1,,,0,0,0,0.0,1,0.0,0,0
329,281,202408010010,1.08275,1.08249,1.08266,1.08259,613,m5,1,,,0,0,0,0.0,1,0.0,0,0
330,282,202408010015,1.0829799999999998,1.08259,1.08297,1.08266,643,m5,1,,1.0,1,0,1,1.0,1,0.0,0,0
331,283,202408010020,1.08301,1.0827799999999999,1.08281,1.08297,625,m5,1,,,0,0,1,0.0,0,-1.0,0,0
332,284,202408010025,1.08301,1.08276,1.08292,1.08281,668,m5,1,,,0,0,1,0.0,0,0.0,0,0
333,48,202408010030,1.08293,1.08247,1.08276,1.08292,4515,m30,1,,,0,0,0,0.0,1,0.0,0,0
334,285,202408010030,1.08293,1.08273,1.08287,1.08292,708,m5,1,,,0,0,1,0.0,0,0.0,0,0
335,286,202408010035,1.08287,1.08259,1.08261,1.08287,822,m5,1,,,0,0,1,0.0,0,0.0,0,0
336,287,202408010040,1.08264,1.08247,1.08263,1.08261,456,m5,1,,,0,0,1,0.0,0,0.0,0,0
337,288,202408010045,1.08284,1.0826,1.08267,1.08263,649,m5,1,,,0,0,1,0.0,0,0.0,0,0
338,289,202408010050,1.08279,1.08249,1.0826799999999999,1.08267,837,m5,1,,,0,0,1,0.0,0,0.0,0,0
339,290,202408010055,1.08289,1.08267,1.08276,1.0826799999999999,1043,m5,1,,,0,0,1,0.0,0,0.0,0,0
340,49,202408010100,1.0831600000000001,1.0826799999999999,1.08311,1.08276,5279,m30,1,,,0,0,0,0.0,1,0.0,0,0
341,291,202408010100,1.08295,1.08275,1.0828799999999998,1.08276,1033,m5,1,,,0,0,1,0.0,0,0.0,0,0
342,292,202408010105,1.08309,1.08284,1.08284,1.0828799999999998,1166,m5,1,,,0,0,1,0.0,0,0.0,0,0
343,293,202408010110,1.08289,1.0826799999999999,1.08284,1.08284,719,m5,1,,,0,0,1,0.0,0,0.0,0,0
344,294,202408010115,1.08294,1.08273,1.0828799999999998,1.08284,664,m5,1,,,0,0,1,0.0,0,0.0,0,0
345,295,202408010120,1.08312,1.08286,1.08297,1.0828799999999998,836,m5,1,,,0,0,1,0.0,0,0.0,0,0
346,296,202408010125,1.0831600000000001,1.0829600000000001,1.08311,1.08297,861,m5,1,,,0,0,1,0.0,0,0.0,0,0
347,50,202408010130,1.0833700000000002,1.08274,1.08276,1.08311,4938,m30,1,,,0,0,0,0.0,1,0.0,0,0
348,297,202408010130,1.0832700000000002,1.08311,1.08321,1.08311,1018,m5,1,,,0,0,1,0.0,0,0.0,0,0
349,298,202408010135,1.08332,1.08321,1.0833,1.08321,970,m5,1,,1.0,1,0,1,0.0,0,0.0,0,0
350,299,202408010140,1.0833700000000002,1.08321,1.08321,1.0833,504,m5,1,,,0,0,1,0.0,0,0.0,0,0
351,300,202408010145,1.0832899999999999,1.08305,1.0832,1.08321,645,m5,1,,,0,0,1,0.0,0,0.0,0,0
352,301,202408010150,1.08323,1.08277,1.08289,1.0832,860,m5,1,,,0,0,1,0.0,0,0.0,0,0
353,302,202408010155,1.08292,1.08274,1.08276,1.08289,941,m5,1,,,0,0,1,0.0,0,0.0,0,0
354,303,202408010200,1.08281,1.08243,1.08244,1.08276,1053,m5,1,1.0,,0,1,1,0.0,1,1.0,0,0
355,51,202408010200,1.08307,1.0824200000000002,1.08286,1.08276,5162,m30,1,,,0,0,0,0.0,1,0.0,0,0
356,304,202408010205,1.08261,1.0824200000000002,1.08255,1.08244,1005,m5,1,,,0,0,0,-1.0,1,0.0,0,0
357,305,202408010210,1.08259,1.08245,1.0825,1.08255,781,m5,1,,,0,0,0,0.0,1,0.0,0,0
358,306,202408010215,1.08269,1.08248,1.08265,1.0825,707,m5,1,,,0,0,0,0.0,1,0.0,0,0
359,307,202408010220,1.08294,1.08264,1.08284,1.08265,757,m5,1,,,0,0,0,0.0,1,0.0,0,0
360,308,202408010225,1.08307,1.08283,1.08286,1.08284,859,m5,1,,,0,0,0,0.0,1,0.0,0,0
361,309,202408010230,1.08289,1.0826799999999999,1.0828,1.08286,739,m5,1,,,0,0,0,0.0,1,0.0,0,0
362,52,202408010230,1.08307,1.08253,1.08261,1.08286,4254,m30,1,,,0,0,0,0.0,1,0.0,0,0
363,310,202408010235,1.0829600000000001,1.0827799999999999,1.08289,1.0828,688,m5,1,,,0,0,0,0.0,1,0.0,0,0
364,311,202408010240,1.0829600000000001,1.08284,1.08293,1.08289,718,m5,1,,,0,0,0,0.0,1,0.0,0,0
365,312,202408010245,1.08307,1.0829,1.08291,1.08293,614,m5,1,,,0,0,0,0.0,1,0.0,0,0
366,313,202408010250,1.08304,1.0828,1.08284,1.08291,530,m5,1,,,0,0,0,0.0,1,0.0,0,0
367,314,202408010255,1.08286,1.08253,1.08261,1.08284,965,m5,1,,,0,0,0,0.0,1,0.0,0,0
368,315,202408010300,1.0827799999999999,1.08255,1.08276,1.08261,858,m5,1,,,0,0,0,0.0,1,0.0,0,0
369,53,202408010300,1.08322,1.08255,1.0832,1.08261,3541,m30,1,,,0,0,0,0.0,1,0.0,0,0
370,316,202408010305,1.08294,1.08275,1.08291,1.08276,554,m5,1,,,0,0,0,0.0,1,0.0,0,0
371,317,202408010310,1.08305,1.0829,1.08299,1.08291,602,m5,1,,,0,0,0,0.0,1,0.0,0,0
372,318,202408010315,1.0830600000000001,1.08294,1.08299,1.08299,609,m5,1,,,0,0,0,0.0,1,0.0,0,0
373,319,202408010320,1.08321,1.08299,1.0832,1.08299,543,m5,1,,,0,0,0,0.0,1,0.0,0,0
374,320,202408010325,1.08322,1.08315,1.0832,1.0832,375,m5,1,,,0,0,0,0.0,1,0.0,0,0
375,321,202408010330,1.0832600000000001,1.08311,1.08323,1.0832,609,m5,1,,,0,0,0,0.0,1,0.0,0,0
376,54,202408010330,1.08345,1.08307,1.0832700000000002,1.0832,2772,m30,1,,1.0,1,0,1,1.0,1,0.0,0,0
377,322,202408010335,1.08345,1.08323,1.08334,1.08323,598,m5,1,,,0,0,0,0.0,1,0.0,0,0
378,323,202408010340,1.08336,1.08307,1.08315,1.08334,430,m5,1,,,0,0,0,0.0,1,0.0,0,0
379,324,202408010345,1.08323,1.0831,1.08322,1.08315,496,m5,1,,,0,0,0,0.0,1,0.0,0,0
380,325,202408010350,1.08331,1.08322,1.0832899999999999,1.08322,329,m5,1,,,0,0,0,0.0,1,0.0,0,0
381,326,202408010355,1.08334,1.08322,1.0832700000000002,1.0832899999999999,310,m5,1,,,0,0,0,0.0,1,0.0,0,0
382,327,202408010400,1.08341,1.08315,1.0833700000000002,1.0832700000000002,486,m5,1,,,0,0,0,0.0,1,0.0,0,0
383,55,202408010400,1.08354,1.08315,1.0832700000000002,1.0832700000000002,2886,m30,1,,1.0,1,0,1,0.0,0,-1.0,0,0
384,328,202408010405,1.08346,1.08331,1.08336,1.0833700000000002,516,m5,1,,,0,0,0,0.0,1,0.0,0,0
385,329,202408010410,1.08353,1.08334,1.08346,1.08336,540,m5,1,,,0,0,0,0.0,1,0.0,0,0
386,330,202408010415,1.08354,1.08344,1.08348,1.08346,446,m5,1,,1.0,1,0,1,1.0,1,0.0,1,0
387,331,202408010420,1.0835,1.08324,1.08331,1.08348,440,m5,1,,,0,0,1,0.0,0,-1.0,0,0
388,332,202408010425,1.08333,1.08321,1.0832700000000002,1.08331,458,m5,1,,,0,0,1,0.0,0,0.0,0,0
389,333,202408010430,1.08335,1.0832,1.08328,1.0832700000000002,538,m5,1,,,0,0,1,0.0,0,0.0,0,0
390,56,202408010430,1.08335,1.08263,1.0826799999999999,1.0832700000000002,3240,m30,1,,,0,0,1,0.0,0,0.0,0,0
391,334,202408010435,1.0832899999999999,1.08309,1.08323,1.08328,543,m5,1,,,0,0,1,0.0,0,0.0,0,0
392,335,202408010440,1.08323,1.08311,1.08312,1.08323,557,m5,1,,,0,0,1,0.0,0,0.0,0,0
393,336,202408010445,1.08325,1.08309,1.08318,1.08312,560,m5,1,,,0,0,1,0.0,0,0.0,0,0
394,337,202408010450,1.08318,1.08276,1.08287,1.08318,479,m5,1,,,0,0,1,0.0,0,0.0,0,0
395,338,202408010455,1.0828799999999998,1.08263,1.0826799999999999,1.08287,563,m5,1,,,0,0,1,0.0,0,0.0,0,0
396,339,202408010500,1.0827,1.08253,1.08259,1.0826799999999999,416,m5,1,1.0,,0,1,1,0.0,1,1.0,0,0
397,57,202408010500,1.0829,1.08253,1.08277,1.0826799999999999,3276,m30,1,,,0,0,1,0.0,0,0.0,0,0
398,340,202408010505,1.0827200000000001,1.08254,1.0827200000000001,1.08259,472,m5,1,,,0,0,0,-1.0,1,0.0,0,0
399,341,202408010510,1.08276,1.08263,1.08266,1.0827200000000001,671,m5,1,,,0,0,0,0.0,1,0.0,0,0
400,342,202408010515,1.08277,1.08263,1.08275,1.08266,488,m5,1,,,0,0,0,0.0,1,0.0,0,0
401,343,202408010520,1.0829,1.08273,1.0827799999999999,1.08275,495,m5,1,,,0,0,0,0.0,1,0.0,0,0
402,344,202408010525,1.08279,1.08263,1.08277,1.0827799999999999,734,m5,1,,,0,0,0,0.0,1,0.0,0,0
403,58,202408010530,1.08297,1.0825799999999999,1.0827200000000001,1.08277,3964,m30,1,,,0,0,1,0.0,0,0.0,0,0
404,345,202408010530,1.08281,1.0826799999999999,1.0828,1.08277,625,m5,1,,,0,0,0,0.0,1,0.0,0,0
405,346,202408010535,1.08297,1.08274,1.08284,1.0828,725,m5,1,,,0,0,0,0.0,1,0.0,0,0
406,347,202408010540,1.08289,1.08279,1.08284,1.08284,781,m5,1,,,0,0,0,0.0,1,0.0,0,0
407,348,202408010545,1.08289,1.08264,1.08266,1.08284,670,m5,1,,,0,0,0,0.0,1,0.0,0,0
408,349,202408010550,1.08286,1.08265,1.08277,1.08266,483,m5,1,,,0,0,0,0.0,1,0.0,0,0
409,350,202408010555,1.08281,1.0825799999999999,1.0827200000000001,1.08277,680,m5,1,,,0,0,0,0.0,1,0.0,0,0
410,59,202408010600,1.08277,1.0817299999999999,1.08176,1.0827200000000001,5406,m30,1,,,0,0,1,0.0,0,0.0,0,0
411,351,202408010600,1.08277,1.08247,1.08271,1.0827200000000001,842,m5,1,,,0,0,0,0.0,1,0.0,0,0
412,352,202408010605,1.08273,1.08226,1.0823,1.08271,1005,m5,1,,,0,0,0,0.0,1,0.0,0,0
413,353,202408010610,1.08237,1.08217,1.08226,1.0823,822,m5,1,,,0,0,0,0.0,1,0.0,0,0
414,354,202408010615,1.08235,1.08207,1.0823,1.08226,884,m5,1,,,0,0,0,0.0,1,0.0,0,0
415,355,202408010620,1.08241,1.08219,1.08239,1.0823,777,m5,1,,,0,0,0,0.0,1,0.0,0,0
416,356,202408010625,1.08241,1.0817299999999999,1.08176,1.08239,1076,m5,1,,,0,0,0,0.0,1,0.0,0,0
417,60,202408010630,1.08178,1.08109,1.0816,1.08176,6847,m30,1,,,0,0,1,0.0,0,0.0,0,0
418,357,202408010630,1.08178,1.08135,1.08145,1.08176,1138,m5,1,,,0,0,0,0.0,1,0.0,0,0
419,358,202408010635,1.08145,1.08118,1.08136,1.08145,1421,m5,1,,,0,0,0,0.0,1,0.0,0,0
420,359,202408010640,1.0814700000000002,1.08115,1.0814,1.08136,1355,m5,1,,,0,0,0,0.0,1,0.0,0,0
421,360,202408010645,1.08155,1.08125,1.0812899999999999,1.0814,1096,m5,1,,,0,0,0,0.0,1,0.0,0,0
422,361,202408010650,1.08141,1.08109,1.0813,1.0812899999999999,891,m5,1,,,0,0,0,0.0,1,0.0,0,0
423,362,202408010655,1.08162,1.08125,1.0816,1.0813,946,m5,1,,,0,0,0,0.0,1,0.0,0,0
424,61,202408010700,1.08199,1.0807,1.08087,1.0816,7975,m30,1,,,0,0,1,0.0,0,0.0,0,0
425,363,202408010700,1.08199,1.08141,1.08144,1.0816,1682,m5,1,,,0,0,0,0.0,1,0.0,0,0
426,364,202408010705,1.0814700000000002,1.08125,1.0814,1.08144,1614,m5,1,,,0,0,0,0.0,1,0.0,0,0
427,365,202408010710,1.08143,1.081,1.08101,1.0814,1334,m5,1,,,0,0,0,0.0,1,0.0,0,0
428,366,202408010715,1.08117,1.08074,1.0811600000000001,1.08101,1203,m5,1,,,0,0,0,0.0,1,0.0,0,0
429,367,202408010720,1.08117,1.0808200000000001,1.08086,1.0811600000000001,1182,m5,1,,,0,0,0,0.0,1,0.0,0,0
430,368,202408010725,1.0808799999999998,1.0807,1.08087,1.08086,960,m5,1,,,0,0,0,0.0,1,0.0,0,0
431,62,202408010730,1.08093,1.07989,1.0801,1.08087,6510,m30,1,,,0,0,1,0.0,0,0.0,0,0
432,369,202408010730,1.08093,1.08081,1.08086,1.08087,942,m5,1,,,0,0,0,0.0,1,0.0,0,0
433,370,202408010735,1.08086,1.0804,1.08046,1.08086,934,m5,1,,,0,0,0,0.0,1,0.0,0,0
434,371,202408010740,1.0806799999999999,1.08031,1.08059,1.08046,1245,m5,1,,,0,0,0,0.0,1,0.0,0,0
435,372,202408010745,1.08079,1.0803,1.08035,1.08059,1150,m5,1,,,0,0,0,0.0,1,0.0,0,0
436,373,202408010750,1.0804200000000002,1.0802,1.0802200000000002,1.08035,1122,m5,1,,,0,0,0,0.0,1,0.0,0,0
437,374,202408010755,1.08033,1.07989,1.0801,1.0802200000000002,1117,m5,1,,,0,0,0,0.0,1,0.0,0,0
438,375,202408010800,1.0802100000000001,1.07944,1.07955,1.0801,1490,m5,1,,,0,0,0,0.0,1,0.0,0,0
439,63,202408010800,1.0802100000000001,1.07813,1.0784200000000002,1.0801,8750,m30,1,,,0,0,1,0.0,0,0.0,0,0
440,376,202408010805,1.07962,1.07914,1.07918,1.07955,1591,m5,1,,,0,0,0,0.0,1,0.0,0,0
441,377,202408010810,1.07918,1.0783399999999999,1.07843,1.07918,1836,m5,1,,,0,0,0,0.0,1,0.0,0,0
442,378,202408010815,1.07848,1.07813,1.0783200000000002,1.07843,1351,m5,1,,,0,0,0,0.0,1,0.0,0,0
443,379,202408010820,1.07869,1.0783,1.07844,1.0783200000000002,1562,m5,1,,,0,0,0,0.0,1,0.0,0,0
444,380,202408010825,1.0786200000000001,1.07818,1.0784200000000002,1.07844,920,m5,1,,,0,0,0,0.0,1,0.0,0,0
445,64,202408010830,1.07907,1.07838,1.0784200000000002,1.0784200000000002,6117,m30,1,,,0,0,1,0.0,0,0.0,0,0
446,381,202408010830,1.0786,1.07838,1.07846,1.0784200000000002,1153,m5,1,,,0,0,0,0.0,1,0.0,0,0
447,382,202408010835,1.0788200000000001,1.07846,1.07864,1.07846,1367,m5,1,,,0,0,0,0.0,1,0.0,0,0
448,383,202408010840,1.0789600000000001,1.07863,1.07885,1.07864,1011,m5,1,,,0,0,0,0.0,1,0.0,0,0
449,384,202408010845,1.07907,1.0787799999999999,1.07883,1.07885,788,m5,1,,,0,0,0,0.0,1,0.0,0,0
450,385,202408010850,1.07883,1.07854,1.0786,1.07883,1016,m5,1,,,0,0,0,0.0,1,0.0,0,0
451,386,202408010855,1.07865,1.0784200000000002,1.0784200000000002,1.0786,782,m5,1,,,0,0,0,0.0,1,0.0,0,0
452,387,202408010900,1.0784200000000002,1.0781100000000001,1.07813,1.0784200000000002,1102,m5,1,,,0,0,0,0.0,1,0.0,0,0
453,65,202408010900,1.0785799999999999,1.07785,1.0782100000000001,1.0784200000000002,5728,m30,1,,,0,0,1,0.0,0,0.0,0,0
454,388,202408010905,1.07818,1.07785,1.07802,1.07813,1016,m5,1,,,0,0,0,0.0,1,0.0,0,0
455,389,202408010910,1.0783200000000002,1.07796,1.0783200000000002,1.07802,977,m5,1,,,0,0,0,0.0,1,0.0,0,0
456,390,202408010915,1.0785799999999999,1.0782100000000001,1.07823,1.0783200000000002,757,m5,1,,,0,0,0,0.0,1,0.0,0,0
457,391,202408010920,1.0783,1.07799,1.0781399999999999,1.07823,976,m5,1,,,0,0,0,0.0,1,0.0,0,0
458,392,202408010925,1.07831,1.07804,1.0782100000000001,1.0781399999999999,900,m5,1,,,0,0,0,0.0,1,0.0,0,0
459,66,202408010930,1.07861,1.07774,1.07778,1.0782100000000001,4497,m30,1,1.0,,0,1,1,0.0,1,1.0,0,0
460,393,202408010930,1.07846,1.07816,1.07816,1.0782100000000001,551,m5,1,,,0,0,0,0.0,1,0.0,0,0
461,394,202408010935,1.07855,1.07816,1.07851,1.07816,782,m5,1,,,0,0,0,0.0,1,0.0,0,0
462,395,202408010940,1.07861,1.07829,1.0783200000000002,1.07851,611,m5,1,,,0,0,0,0.0,1,0.0,0,0
463,396,202408010945,1.07837,1.078,1.07812,1.0783200000000002,768,m5,1,,,0,0,0,0.0,1,0.0,0,0
464,397,202408010950,1.07833,1.07808,1.07816,1.07812,870,m5,1,,,0,0,0,0.0,1,0.0,0,0
465,398,202408010955,1.07827,1.07774,1.07778,1.07816,915,m5,1,1.0,,0,1,0,0.0,1,0.0,0,1
466,399,202408011000,1.07802,1.07778,1.07802,1.07778,866,m5,1,,,0,0,0,0.0,1,0.0,0,0
467,67,202408011000,1.07891,1.07778,1.0787200000000001,1.07778,3723,m30,1,,,0,0,0,-1.0,1,0.0,0,0
468,400,202408011005,1.07823,1.07797,1.07816,1.07802,503,m5,1,,,0,0,0,0.0,1,0.0,0,0
469,401,202408011010,1.07853,1.07815,1.07848,1.07816,705,m5,1,,,0,0,0,0.0,1,0.0,0,0
470,402,202408011015,1.07871,1.07844,1.0786200000000001,1.07848,674,m5,1,,,0,0,0,0.0,1,0.0,0,0
471,403,202408011020,1.07887,1.0785799999999999,1.07887,1.0786200000000001,501,m5,1,,,0,0,0,0.0,1,0.0,0,0
472,404,202408011025,1.07891,1.07869,1.0787200000000001,1.07887,474,m5,1,,,0,0,0,0.0,1,0.0,0,0
473,405,202408011030,1.07883,1.07869,1.07881,1.0787200000000001,521,m5,1,,,0,0,0,0.0,1,0.0,0,0
474,68,202408011030,1.07895,1.07804,1.0784200000000002,1.0787200000000001,3641,m30,1,,,0,0,0,0.0,1,0.0,0,0
475,406,202408011035,1.0788799999999998,1.07879,1.07887,1.07881,542,m5,1,,,0,0,0,0.0,1,0.0,0,0
476,407,202408011040,1.07895,1.07871,1.07876,1.07887,545,m5,1,,,0,0,0,0.0,1,0.0,0,0
477,408,202408011045,1.07879,1.07835,1.07837,1.07876,564,m5,1,,,0,0,0,0.0,1,0.0,0,0
478,409,202408011050,1.07838,1.0781,1.07813,1.07837,935,m5,1,,,0,0,0,0.0,1,0.0,0,0
479,410,202408011055,1.07849,1.07804,1.0784200000000002,1.07813,534,m5,1,,,0,0,0,0.0,1,0.0,0,0
480,411,202408011100,1.0788799999999998,1.07804,1.07879,1.0784200000000002,1795,m5,1,,,0,0,0,0.0,1,0.0,0,0
481,69,202408011100,1.07959,1.07804,1.0791,1.0784200000000002,7301,m30,1,,,0,0,0,0.0,1,0.0,0,0
482,412,202408011105,1.0792700000000002,1.0786200000000001,1.07922,1.07879,1261,m5,1,,,0,0,0,0.0,1,0.0,0,0
483,413,202408011110,1.0795,1.07911,1.07949,1.07922,1001,m5,1,,1.0,1,0,1,1.0,1,0.0,0,0
484,414,202408011115,1.07959,1.07928,1.0793,1.07949,1059,m5,1,,,0,0,1,0.0,0,-1.0,0,0
485,415,202408011120,1.0793700000000002,1.0791,1.0792899999999999,1.0793,1193,m5,1,,,0,0,1,0.0,0,0.0,0,0
486,416,202408011125,1.07932,1.07893,1.0791,1.0792899999999999,992,m5,1,,,0,0,1,0.0,0,0.0,0,0
487,417,202408011130,1.07933,1.07905,1.07907,1.0791,781,m5,1,,,0,0,1,0.0,0,0.0,0,0
488,70,202408011130,1.0795,1.0785799999999999,1.07918,1.0791,5544,m30,1,,,0,0,0,0.0,1,0.0,0,0
489,418,202408011135,1.07915,1.0788200000000001,1.07883,1.07907,723,m5,1,,,0,0,1,0.0,0,0.0,0,0
490,419,202408011140,1.07921,1.0785799999999999,1.0792,1.07883,945,m5,1,,,0,0,1,0.0,0,0.0,0,0
491,420,202408011145,1.07928,1.07899,1.079,1.0792,923,m5,1,,,0,0,1,0.0,0,0.0,0,0
492,421,202408011150,1.07939,1.079,1.0792,1.079,1002,m5,1,,,0,0,1,0.0,0,0.0,0,0
493,422,202408011155,1.0795,1.07905,1.07918,1.0792,1170,m5,1,,,0,0,1,0.0,0,0.0,0,0
494,71,202408011200,1.07954,1.07869,1.0791,1.07918,7183,m30,1,,,0,0,0,0.0,1,0.0,0,0
495,423,202408011200,1.07921,1.07869,1.07905,1.07918,1266,m5,1,,,0,0,1,0.0,0,0.0,0,0
496,424,202408011205,1.07918,1.0787,1.0789,1.07905,1104,m5,1,,,0,0,1,0.0,0,0.0,0,0
497,425,202408011210,1.07902,1.0787,1.0788799999999998,1.0789,1226,m5,1,,,0,0,1,0.0,0,0.0,0,0
498,426,202408011215,1.0792899999999999,1.07886,1.07905,1.0788799999999998,1112,m5,1,,,0,0,1,0.0,0,0.0,0,0
499,427,202408011220,1.07951,1.07899,1.07949,1.07905,1373,m5,1,,,0,0,1,0.0,0,0.0,0,0
500,428,202408011225,1.07954,1.07904,1.0791,1.07949,1102,m5,1,,,0,0,1,0.0,0,0.0,0,0
501,429,202408011230,1.08084,1.07904,1.08051,1.0791,3658,m5,1,,1.0,1,0,1,0.0,0,0.0,0,0
502,72,202408011230,1.08084,1.07904,1.07964,1.0791,12837,m30,1,,,0,0,0,0.0,1,0.0,0,0
503,430,202408011235,1.08073,1.07992,1.0799299999999998,1.08051,2641,m5,1,,,0,0,1,0.0,0,0.0,0,0
504,431,202408011240,1.0801100000000001,1.07951,1.07955,1.0799299999999998,2150,m5,1,,,0,0,1,0.0,0,0.0,0,0
505,432,202408011245,1.07997,1.07952,1.07964,1.07955,1567,m5,1,,,0,0,1,0.0,0,0.0,0,0
506,433,202408011250,1.07995,1.07951,1.07994,1.07964,1195,m5,1,,,0,0,1,0.0,0,0.0,0,0
507,434,202408011255,1.07996,1.07953,1.07964,1.07994,1626,m5,1,,,0,0,1,0.0,0,0.0,0,0
508,73,202408011300,1.07965,1.0787,1.0791899999999999,1.07964,9362,m30,1,,,0,0,0,0.0,1,0.0,0,0
509,435,202408011300,1.07965,1.0791,1.0793,1.07964,1886,m5,1,,,0,0,1,0.0,0,0.0,0,0
510,436,202408011305,1.0793700000000002,1.0788,1.07881,1.0793,1849,m5,1,1.0,,0,1,1,0.0,1,1.0,0,0
511,437,202408011310,1.07922,1.07876,1.0788799999999998,1.07881,1474,m5,1,,,0,0,0,-1.0,1,0.0,0,0
512,438,202408011315,1.07913,1.0787,1.07902,1.0788799999999998,1680,m5,1,,,0,0,0,0.0,1,0.0,0,0
513,439,202408011320,1.0793,1.07881,1.07924,1.07902,1132,m5,1,,,0,0,0,0.0,1,0.0,0,0
514,440,202408011325,1.07941,1.0790799999999998,1.0791899999999999,1.07924,1341,m5,1,,,0,0,0,0.0,1,0.0,0,0
515,441,202408011330,1.07969,1.0791600000000001,1.07966,1.0791899999999999,1677,m5,1,,,0,0,0,0.0,1,0.0,0,0
516,74,202408011330,1.08061,1.0791600000000001,1.08026,1.0791899999999999,7793,m30,1,,1.0,1,0,1,1.0,1,0.0,0,0
517,442,202408011335,1.08,1.07951,1.07998,1.07966,1501,m5,1,,,0,0,0,0.0,1,0.0,0,0
518,443,202408011340,1.0803200000000002,1.07992,1.08006,1.07998,920,m5,1,,,0,0,0,0.0,1,0.0,0,0
519,444,202408011345,1.0806,1.08002,1.0804200000000002,1.08006,1638,m5,1,,,0,0,0,0.0,1,0.0,0,0
520,445,202408011350,1.0805200000000001,1.08026,1.0804,1.0804200000000002,1031,m5,1,,,0,0,0,0.0,1,0.0,0,0
521,446,202408011355,1.08061,1.0802399999999999,1.08026,1.0804,1026,m5,1,,,0,0,0,0.0,1,0.0,0,0
522,75,202408011400,1.0818299999999998,1.07959,1.08006,1.08026,15554,m30,1,,,0,0,1,0.0,0,-1.0,0,0
523,447,202408011400,1.0818299999999998,1.08026,1.08162,1.08026,3747,m5,1,,1.0,1,0,1,1.0,1,0.0,0,0
524,448,202408011405,1.08178,1.08126,1.08131,1.08162,3047,m5,1,,,0,0,1,0.0,0,-1.0,0,0
525,449,202408011410,1.08148,1.08073,1.08103,1.08131,2571,m5,1,,,0,0,1,0.0,0,0.0,0,0
526,450,202408011415,1.08104,1.08033,1.08036,1.08103,1948,m5,1,,,0,0,1,0.0,0,0.0,0,0
527,451,202408011420,1.08044,1.07968,1.07975,1.08036,1936,m5,1,,,0,0,1,0.0,0,0.0,0,0
528,452,202408011425,1.08019,1.07959,1.08006,1.07975,2305,m5,1,,,0,0,1,0.0,0,0.0,0,0
529,453,202408011430,1.08043,1.0800299999999998,1.08012,1.08006,2096,m5,1,,,0,0,1,0.0,0,0.0,0,0
530,76,202408011430,1.08043,1.07873,1.07921,1.08006,11554,m30,1,,,0,0,1,0.0,0,0.0,0,0
531,454,202408011435,1.08013,1.07985,1.07999,1.08012,1597,m5,1,,,0,0,1,0.0,0,0.0,0,0
532,455,202408011440,1.08002,1.07951,1.07969,1.07999,1731,m5,1,,,0,0,1,0.0,0,0.0,0,0
533,456,202408011445,1.07971,1.07873,1.07897,1.07969,2058,m5,1,,,0,0,1,0.0,0,0.0,0,0
534,457,202408011450,1.07945,1.07885,1.07895,1.07897,2146,m5,1,,,0,0,1,0.0,0,0.0,0,0
535,458,202408011455,1.07944,1.07894,1.07921,1.07895,1926,m5,1,,,0,0,1,0.0,0,0.0,0,0
536,77,202408011500,1.07946,1.07836,1.07849,1.07921,9720,m30,1,,,0,0,1,0.0,0,0.0,0,0
537,459,202408011500,1.07946,1.0789799999999998,1.07902,1.07921,1979,m5,1,,,0,0,1,0.0,0,0.0,0,0
538,460,202408011505,1.07933,1.0787,1.07884,1.07902,1408,m5,1,,,0,0,1,0.0,0,0.0,0,0
539,461,202408011510,1.0789600000000001,1.0786,1.07861,1.07884,1394,m5,1,,,0,0,1,0.0,0,0.0,0,0
540,462,202408011515,1.07891,1.0786,1.0788,1.07861,1727,m5,1,,,0,0,1,0.0,0,0.0,0,0
541,463,202408011520,1.07891,1.07836,1.07854,1.0788,1879,m5,1,,,0,0,1,0.0,0,0.0,0,0
542,464,202408011525,1.07875,1.07846,1.07849,1.07854,1333,m5,1,1.0,,0,1,1,0.0,1,1.0,0,0
543,465,202408011530,1.07887,1.07841,1.07873,1.07849,1854,m5,1,,,0,0,0,-1.0,1,0.0,0,0
544,78,202408011530,1.07926,1.07841,1.07887,1.07849,7706,m30,1,,,0,0,1,0.0,0,0.0,0,0
545,466,202408011535,1.0788799999999998,1.0786200000000001,1.0787200000000001,1.07873,1242,m5,1,,,0,0,0,0.0,1,0.0,0,0
546,467,202408011540,1.07874,1.0785200000000001,1.0786200000000001,1.0787200000000001,1125,m5,1,,,0,0,0,0.0,1,0.0,0,0
547,468,202408011545,1.07899,1.07851,1.07894,1.0786200000000001,969,m5,1,,,0,0,0,0.0,1,0.0,0,0
548,469,202408011550,1.07926,1.07892,1.0790600000000001,1.07894,1232,m5,1,,,0,0,0,0.0,1,0.0,0,0
549,470,202408011555,1.07914,1.07886,1.07887,1.0790600000000001,1284,m5,1,,,0,0,0,0.0,1,0.0,0,0
550,79,202408011600,1.0796700000000001,1.07879,1.0790799999999998,1.07887,7186,m30,1,,,0,0,1,0.0,0,0.0,0,0
551,471,202408011600,1.07912,1.07879,1.07911,1.07887,1450,m5,1,,,0,0,0,0.0,1,0.0,0,0
552,472,202408011605,1.0794700000000002,1.0791,1.0793,1.07911,1097,m5,1,,,0,0,0,0.0,1,0.0,0,0
553,473,202408011610,1.07933,1.0790600000000001,1.0792700000000002,1.0793,1104,m5,1,,,0,0,0,0.0,1,0.0,0,0
554,474,202408011615,1.07961,1.07926,1.07956,1.0792700000000002,1008,m5,1,,1.0,1,0,1,1.0,1,0.0,0,0
555,475,202408011620,1.0796700000000001,1.07892,1.07895,1.07956,1237,m5,1,,,0,0,1,0.0,0,-1.0,0,0
556,476,202408011625,1.0792,1.07887,1.0790799999999998,1.07895,1290,m5,1,,,0,0,1,0.0,0,0.0,0,0
557,477,202408011630,1.07911,1.0788799999999998,1.07894,1.0790799999999998,1581,m5,1,,,0,0,1,0.0,0,0.0,0,0
558,80,202408011630,1.07911,1.07802,1.07861,1.0790799999999998,6911,m30,1,,,0,0,1,0.0,0,0.0,0,0
559,478,202408011635,1.07903,1.0786799999999999,1.07869,1.07894,1024,m5,1,,,0,0,1,0.0,0,0.0,0,0
560,479,202408011640,1.07875,1.07841,1.07846,1.07869,1154,m5,1,,,0,0,1,0.0,0,0.0,0,0
561,480,202408011645,1.07854,1.07831,1.07839,1.07846,1059,m5,1,,,0,0,1,0.0,0,0.0,0,0
562,481,202408011650,1.0784200000000002,1.07802,1.07833,1.07839,1016,m5,1,1.0,,0,1,1,0.0,1,1.0,0,0
563,482,202408011655,1.07863,1.07823,1.07861,1.07833,1077,m5,1,,,0,0,0,-1.0,1,0.0,0,0
564,483,202408011700,1.07887,1.07848,1.07871,1.07861,1446,m5,1,,,0,0,0,0.0,1,0.0,0,0
565,81,202408011700,1.0790600000000001,1.07848,1.07892,1.07861,5929,m30,1,,,0,0,1,0.0,0,0.0,0,0
566,484,202408011705,1.0787200000000001,1.07857,1.07866,1.07871,987,m5,1,,,0,0,0,0.0,1,0.0,0,0
567,485,202408011710,1.0788200000000001,1.0785799999999999,1.0788,1.07866,984,m5,1,,,0,0,0,0.0,1,0.0,0,0
568,486,202408011715,1.07902,1.07874,1.07897,1.0788,912,m5,1,,,0,0,0,0.0,1,0.0,0,0
569,487,202408011720,1.07901,1.07885,1.07892,1.07897,663,m5,1,,,0,0,0,0.0,1,0.0,0,0
570,488,202408011725,1.0790600000000001,1.0788,1.07892,1.07892,937,m5,1,,,0,0,0,0.0,1,0.0,0,0
571,489,202408011730,1.07894,1.0787200000000001,1.07892,1.07892,1190,m5,1,,,0,0,0,0.0,1,0.0,0,0
572,82,202408011730,1.0792,1.0787200000000001,1.07915,1.07892,6455,m30,1,,,0,0,1,0.0,0,0.0,0,0
573,490,202408011735,1.07903,1.07881,1.07883,1.07892,1191,m5,1,,,0,0,0,0.0,1,0.0,0,0
574,491,202408011740,1.07891,1.07874,1.07884,1.07883,1174,m5,1,,,0,0,0,0.0,1,0.0,0,0
575,492,202408011745,1.079,1.0788200000000001,1.07892,1.07884,882,m5,1,,,0,0,0,0.0,1,0.0,0,0
576,493,202408011750,1.0792,1.07887,1.0791600000000001,1.07892,957,m5,1,,1.0,1,0,1,1.0,1,0.0,0,0
577,494,202408011755,1.0791899999999999,1.07905,1.07915,1.0791600000000001,1061,m5,1,,,0,0,1,0.0,0,-1.0,0,0
578,495,202408011800,1.07918,1.0789799999999998,1.079,1.07915,907,m5,1,,,0,0,1,0.0,0,0.0,0,0
579,83,202408011800,1.07918,1.0783399999999999,1.0785200000000001,1.07915,5718,m30,1,,,0,0,1,0.0,0,0.0,0,0
580,496,202408011805,1.07913,1.0789799999999998,1.07905,1.079,753,m5,1,,,0,0,1,0.0,0,0.0,0,0
581,497,202408011810,1.07905,1.07873,1.07883,1.07905,765,m5,1,,,0,0,1,0.0,0,0.0,0,0
582,498,202408011815,1.07891,1.07857,1.0786,1.07883,962,m5,1,,,0,0,1,0.0,0,0.0,0,0
583,499,202408011820,1.0788200000000001,1.07853,1.07857,1.0786,1216,m5,1,,,0,0,1,0.0,0,0.0,0,0
584,500,202408011825,1.07859,1.0783399999999999,1.0785200000000001,1.07857,1115,m5,1,,,0,0,1,0.0,0,0.0,0,0
585,84,202408011830,1.07885,1.07827,1.07837,1.0785200000000001,5959,m30,1,1.0,,0,1,1,0.0,1,1.0,0,0
586,501,202408011830,1.07859,1.07844,1.07854,1.0785200000000001,981,m5,1,,,0,0,1,0.0,0,0.0,0,0
587,502,202408011835,1.0788,1.07854,1.0787799999999999,1.07854,830,m5,1,,,0,0,1,0.0,0,0.0,0,0
588,503,202408011840,1.07885,1.07848,1.07857,1.0787799999999999,1119,m5,1,,,0,0,1,0.0,0,0.0,0,0
589,504,202408011845,1.07859,1.07841,1.07844,1.07857,877,m5,1,,,0,0,1,0.0,0,0.0,0,0
590,505,202408011850,1.07861,1.07827,1.07843,1.07844,816,m5,1,,,0,0,1,0.0,0,0.0,0,0
591,506,202408011855,1.07864,1.07833,1.07837,1.07843,1336,m5,1,1.0,,0,1,1,0.0,1,1.0,0,1
592,507,202408011900,1.07854,1.07825,1.0785,1.07837,1097,m5,1,,,0,0,0,-1.0,1,0.0,0,0
593,85,202408011900,1.07915,1.07825,1.07915,1.07837,7215,m30,1,,,0,0,0,-1.0,1,0.0,0,0
594,508,202408011905,1.07873,1.07845,1.07871,1.0785,1303,m5,1,,,0,0,0,0.0,1,0.0,0,0
595,509,202408011910,1.07891,1.0786799999999999,1.0787799999999999,1.07871,1412,m5,1,,,0,0,0,0.0,1,0.0,0,0
596,510,202408011915,1.07879,1.0786200000000001,1.0787200000000001,1.0787799999999999,1002,m5,1,,,0,0,0,0.0,1,0.0,0,0
597,511,202408011920,1.07893,1.0787200000000001,1.0789,1.0787200000000001,1035,m5,1,,,0,0,0,0.0,1,0.0,0,0
598,512,202408011925,1.07915,1.07887,1.07915,1.0789,1366,m5,1,,,0,0,0,0.0,1,0.0,0,0
599,513,202408011930,1.07932,1.07912,1.07925,1.07915,928,m5,1,,,0,0,0,0.0,1,0.0,0,0
600,86,202408011930,1.07954,1.07892,1.07897,1.07915,5555,m30,1,,,0,0,0,0.0,1,0.0,0,0
601,514,202408011935,1.07945,1.0791600000000001,1.07942,1.07925,983,m5,1,,1.0,1,0,1,1.0,1,0.0,0,0
602,515,202408011940,1.07942,1.0791600000000001,1.07917,1.07942,773,m5,1,,,0,0,1,0.0,0,-1.0,0,0
603,516,202408011945,1.07941,1.07914,1.07936,1.07917,694,m5,1,,,0,0,1,0.0,0,0.0,0,0
604,517,202408011950,1.07954,1.079,1.0790600000000001,1.07936,1237,m5,1,,,0,0,1,0.0,0,0.0,0,0
605,518,202408011955,1.07912,1.07892,1.07897,1.0790600000000001,940,m5,1,,,0,0,1,0.0,0,0.0,0,0
606,519,202408012000,1.07897,1.07875,1.07889,1.07897,879,m5,1,,,0,0,1,0.0,0,0.0,0,0
607,87,202408012000,1.07897,1.07864,1.07866,1.07897,3005,m30,1,,,0,0,0,0.0,1,0.0,0,0
608,520,202408012005,1.07893,1.07869,1.07875,1.07889,488,m5,1,,,0,0,1,0.0,0,0.0,0,0
609,521,202408012010,1.0788200000000001,1.0787,1.07874,1.07875,548,m5,1,,,0,0,1,0.0,0,0.0,0,0
610,522,202408012015,1.07895,1.07873,1.07876,1.07874,480,m5,1,,,0,0,1,0.0,0,0.0,0,0
611,523,202408012020,1.07877,1.07864,1.07866,1.07876,321,m5,1,1.0,,0,1,1,0.0,1,1.0,0,0
612,524,202408012025,1.07869,1.07865,1.07866,1.07866,289,m5,1,1.0,,0,1,0,-1.0,1,0.0,0,0
613,88,202408012030,1.0791600000000001,1.07865,1.07911,1.07866,2153,m30,1,,,0,0,0,0.0,1,0.0,0,0
614,525,202408012030,1.0788200000000001,1.07865,1.07881,1.07866,501,m5,1,,,0,0,0,0.0,1,0.0,0,0
615,526,202408012035,1.07881,1.07876,1.07877,1.07881,225,m5,1,,,0,0,0,0.0,1,0.0,0,0
616,527,202408012040,1.07884,1.07867,1.07884,1.07877,227,m5,1,,,0,0,0,0.0,1,0.0,0,0
617,528,202408012045,1.07889,1.07876,1.07886,1.07884,278,m5,1,,,0,0,0,0.0,1,0.0,0,0
618,529,202408012050,1.07899,1.07886,1.07895,1.07886,558,m5,1,,,0,0,0,0.0,1,0.0,0,0
619,530,202408012055,1.0791600000000001,1.07894,1.07911,1.07895,364,m5,1,,,0,0,0,0.0,1,0.0,0,0
620,89,202408012100,1.07924,1.0785799999999999,1.07901,1.07911,776,m30,1,,,0,0,0,0.0,1,0.0,0,0
621,531,202408012100,1.07911,1.0785799999999999,1.07891,1.07911,11,m5,1,,,0,0,0,0.0,1,0.0,0,0
622,532,202408012105,1.0791,1.07887,1.0790799999999998,1.07891,150,m5,1,,,0,0,0,0.0,1,0.0,0,0
623,533,202408012110,1.07913,1.07904,1.07911,1.0790799999999998,120,m5,1,,,0,0,0,0.0,1,0.0,0,0
624,534,202408012115,1.07924,1.07904,1.0790799999999998,1.07911,150,m5,1,,,0,0,0,0.0,1,0.0,0,0
625,535,202408012120,1.0791,1.07897,1.07907,1.0790799999999998,257,m5,1,,,0,0,0,0.0,1,0.0,0,0
626,536,202408012125,1.0791,1.07899,1.07901,1.07907,88,m5,1,,,0,0,0,0.0,1,0.0,0,0
627,90,202408012130,1.07913,1.07895,1.07909,1.07901,659,m30,1,,,0,0,0,0.0,1,0.0,0,0
628,537,202408012130,1.07913,1.07895,1.07912,1.07901,133,m5,1,,,0,0,0,0.0,1,0.0,0,0
629,538,202408012135,1.07912,1.0790799999999998,1.07911,1.07912,97,m5,1,,,0,0,0,0.0,1,0.0,0,0
630,539,202408012140,1.07913,1.07905,1.0790799999999998,1.07911,169,m5,1,,,0,0,0,0.0,1,0.0,0,0
631,540,202408012145,1.07913,1.0790799999999998,1.07912,1.0790799999999998,113,m5,1,,,0,0,0,0.0,1,0.0,0,0
632,541,202408012150,1.07912,1.07904,1.07904,1.07912,66,m5,1,,,0,0,0,0.0,1,0.0,0,0
633,542,202408012155,1.0791,1.07904,1.07909,1.07904,81,m5,1,,,0,0,0,0.0,1,0.0,0,0
634,543,202408012200,1.07926,1.07909,1.07913,1.07909,179,m5,1,,1.0,1,0,1,1.0,1,0.0,0,0
635,91,202408012200,1.07932,1.07892,1.07909,1.07909,1471,m30,1,,,0,0,0,0.0,1,0.0,0,0
636,544,202408012205,1.07932,1.0790799999999998,1.07911,1.07913,196,m5,1,,,0,0,1,0.0,0,-1.0,0,0
637,545,202408012210,1.07922,1.0791,1.0791,1.07911,198,m5,1,,,0,0,1,0.0,0,0.0,0,0
638,546,202408012215,1.0791600000000001,1.079,1.079,1.0791,271,m5,1,,,0,0,1,0.0,0,0.0,0,0
639,547,202408012220,1.07905,1.07892,1.07895,1.079,327,m5,1,,,0,0,1,0.0,0,0.0,0,0
640,548,202408012225,1.0791,1.07894,1.07909,1.07895,300,m5,1,,,0,0,1,0.0,0,0.0,0,0
641,92,202408012230,1.07915,1.07874,1.07885,1.07909,1684,m30,1,,,0,0,0,0.0,1,0.0,0,0
642,549,202408012230,1.07915,1.07894,1.0789600000000001,1.07909,341,m5,1,,,0,0,1,0.0,0,0.0,0,0
643,550,202408012235,1.0789799999999998,1.07887,1.07894,1.0789600000000001,331,m5,1,,,0,0,1,0.0,0,0.0,0,0
644,551,202408012240,1.07894,1.07874,1.07879,1.07894,323,m5,1,1.0,,0,1,1,0.0,1,1.0,0,0
645,552,202408012245,1.07893,1.0787799999999999,1.07889,1.07879,229,m5,1,,,0,0,0,-1.0,1,0.0,0,0
646,553,202408012250,1.07892,1.07883,1.0789,1.07889,225,m5,1,,,0,0,0,0.0,1,0.0,0,0
647,554,202408012255,1.07895,1.07884,1.07885,1.0789,235,m5,1,,,0,0,0,0.0,1,0.0,0,0
648,93,202408012300,1.0790600000000001,1.0788,1.079,1.07885,2053,m30,1,,,0,0,0,0.0,1,0.0,0,0
649,555,202408012300,1.07895,1.07883,1.0789,1.07885,404,m5,1,,,0,0,0,0.0,1,0.0,0,0
650,556,202408012305,1.0789600000000001,1.0788,1.0789,1.0789,376,m5,1,,,0,0,0,0.0,1,0.0,0,0
651,557,202408012310,1.0790600000000001,1.0789,1.07903,1.0789,356,m5,1,,,0,0,0,0.0,1,0.0,0,0
652,558,202408012315,1.0790600000000001,1.07883,1.07889,1.07903,332,m5,1,,,0,0,0,0.0,1,0.0,0,0
653,559,202408012320,1.0790600000000001,1.07889,1.079,1.07889,297,m5,1,,,0,0,0,0.0,1,0.0,0,0
654,560,202408012325,1.07905,1.07889,1.079,1.079,288,m5,1,,,0,0,0,0.0,1,0.0,0,0
655,94,202408012330,1.07918,1.0786,1.07863,1.079,2516,m30,1,,,0,0,0,0.0,1,0.0,0,0
656,561,202408012330,1.07903,1.0789799999999998,1.079,1.079,249,m5,1,,,0,0,0,0.0,1,0.0,0,0
657,562,202408012335,1.07918,1.07894,1.07915,1.079,397,m5,1,,1.0,1,0,1,1.0,1,0.0,0,0
658,563,202408012340,1.07917,1.0791,1.07912,1.07915,269,m5,1,,,0,0,1,0.0,0,-1.0,0,0
659,564,202408012345,1.0791600000000001,1.07884,1.0789,1.07912,337,m5,1,,,0,0,1,0.0,0,0.0,0,0
660,565,202408012350,1.0789,1.07869,1.07874,1.0789,513,m5,1,,,0,0,1,0.0,0,0.0,0,0
661,566,202408012355,1.07874,1.0786,1.07863,1.07874,751,m5,1,,,0,0,1,0.0,0,0.0,0,0
662,95,202408020000,1.07891,1.07817,1.0789,1.07863,4447,m30,1,,,0,0,0,0.0,1,0.0,0,0
663,567,202408020000,1.07863,1.07829,1.0783,1.07863,948,m5,1,1.0,,0,1,1,0.0,1,1.0,0,0
664,568,202408020005,1.07844,1.07817,1.0784,1.0783,503,m5,1,,,0,0,0,-1.0,1,0.0,0,0
665,569,202408020010,1.07847,1.0783399999999999,1.07846,1.0784,488,m5,1,,,0,0,0,0.0,1,0.0,0,0
666,570,202408020015,1.07851,1.0783200000000002,1.07839,1.07846,729,m5,1,,,0,0,0,0.0,1,0.0,0,0
667,571,202408020020,1.07849,1.07837,1.07845,1.07839,922,m5,1,,,0,0,0,0.0,1,0.0,0,0
668,572,202408020025,1.07891,1.07839,1.0789,1.07845,857,m5,1,,,0,0,0,0.0,1,0.0,0,0
669,573,202408020030,1.07899,1.07873,1.0789600000000001,1.0789,941,m5,1,,,0,0,0,0.0,1,0.0,0,0
670,96,202408020030,1.07925,1.07873,1.07909,1.0789,4931,m30,1,,,0,0,0,0.0,1,0.0,0,0
671,574,202408020035,1.07907,1.07886,1.0789,1.0789600000000001,757,m5,1,,,0,0,0,0.0,1,0.0,0,0
672,575,202408020040,1.07902,1.07885,1.0789,1.0789,726,m5,1,,,0,0,0,0.0,1,0.0,0,0
673,576,202408020045,1.0791899999999999,1.0789,1.07901,1.0789,872,m5,1,,,0,0,0,0.0,1,0.0,0,0
674,577,202408020050,1.0791899999999999,1.07897,1.0790600000000001,1.07901,816,m5,1,,,0,0,0,0.0,1,0.0,0,0
675,578,202408020055,1.07925,1.0790600000000001,1.07909,1.0790600000000001,819,m5,1,,,0,0,0,0.0,1,0.0,0,0
676,579,202408020100,1.0791,1.07886,1.07901,1.07909,1035,m5,1,,,0,0,0,0.0,1,0.0,0,0
677,97,202408020100,1.07921,1.07884,1.07899,1.07909,4480,m30,1,,,0,0,0,0.0,1,0.0,0,0
678,580,202408020105,1.07918,1.07895,1.07917,1.07901,835,m5,1,,,0,0,0,0.0,1,0.0,0,0
679,581,202408020110,1.07921,1.07901,1.07909,1.07917,690,m5,1,,,0,0,0,0.0,1,0.0,0,0
680,582,202408020115,1.0791899999999999,1.07899,1.07904,1.07909,687,m5,1,,,0,0,0,0.0,1,0.0,0,0
681,583,202408020120,1.0790600000000001,1.07884,1.0789,1.07904,787,m5,1,,,0,0,0,0.0,1,0.0,0,0
682,584,202408020125,1.079,1.07885,1.07899,1.0789,446,m5,1,,,0,0,0,0.0,1,0.0,0,0
683,585,202408020130,1.07902,1.0787799999999999,1.07891,1.07899,362,m5,1,,,0,0,0,0.0,1,0.0,0,0
684,98,202408020130,1.07938,1.0787799999999999,1.0790799999999998,1.07899,3449,m30,1,,,0,0,0,0.0,1,0.0,0,0
685,586,202408020135,1.07909,1.07884,1.07907,1.07891,438,m5,1,,,0,0,0,0.0,1,0.0,0,0
686,587,202408020140,1.07928,1.07907,1.07926,1.07907,677,m5,1,,1.0,1,0,1,1.0,1,0.0,0,0
687,588,202408020145,1.07938,1.0790799999999998,1.0791,1.07926,574,m5,1,,,0,0,1,0.0,0,-1.0,0,0
688,589,202408020150,1.07921,1.0789799999999998,1.0791600000000001,1.0791,678,m5,1,,,0,0,1,0.0,0,0.0,0,0
689,590,202408020155,1.07918,1.07902,1.0790799999999998,1.0791600000000001,720,m5,1,,,0,0,1,0.0,0,0.0,0,0
690,591,202408020200,1.07914,1.0787200000000001,1.07876,1.0790799999999998,523,m5,1,,,0,0,1,0.0,0,0.0,0,0
691,99,202408020200,1.07914,1.07845,1.07874,1.0790799999999998,5053,m30,1,,,0,0,0,0.0,1,0.0,0,0
692,592,202408020205,1.07889,1.0787,1.0788799999999998,1.07876,522,m5,1,,,0,0,1,0.0,0,0.0,0,0
693,593,202408020210,1.07892,1.07876,1.07879,1.0788799999999998,582,m5,1,,,0,0,1,0.0,0,0.0,0,0
694,594,202408020215,1.07897,1.07871,1.07876,1.07879,762,m5,1,,,0,0,1,0.0,0,0.0,0,0
695,595,202408020220,1.07876,1.07845,1.07863,1.07876,1494,m5,1,1.0,,0,1,1,0.0,1,1.0,0,0
696,596,202408020225,1.0788,1.07851,1.07874,1.07863,1170,m5,1,,,0,0,0,-1.0,1,0.0,0,0
697,100,202408020230,1.0791600000000001,1.07869,1.07901,1.07874,4489,m30,1,,,0,0,0,0.0,1,0.0,0,0
698,597,202408020230,1.07889,1.07869,1.0788,1.07874,1103,m5,1,,,0,0,0,0.0,1,0.0,0,0
699,598,202408020235,1.07897,1.07877,1.0788200000000001,1.0788,974,m5,1,,,0,0,0,0.0,1,0.0,0,0
700,599,202408020240,1.0788799999999998,1.07869,1.0788,1.0788200000000001,827,m5,1,,,0,0,0,0.0,1,0.0,0,0
701,600,202408020245,1.07886,1.0787,1.07875,1.0788,490,m5,1,,,0,0,0,0.0,1,0.0,0,0
702,601,202408020250,1.07903,1.07873,1.0789799999999998,1.07875,568,m5,1,,,0,0,0,0.0,1,0.0,0,0
703,602,202408020255,1.0791600000000001,1.07897,1.07901,1.0789799999999998,527,m5,1,,,0,0,0,0.0,1,0.0,0,0
704,101,202408020300,1.07951,1.079,1.07934,1.07901,3331,m30,1,,,0,0,0,0.0,1,0.0,0,0
705,603,202408020300,1.0792,1.079,1.0792,1.07901,736,m5,1,,,0,0,0,0.0,1,0.0,0,0
706,604,202408020305,1.07923,1.07913,1.07921,1.0792,474,m5,1,,,0,0,0,0.0,1,0.0,0,0
707,605,202408020310,1.07935,1.07915,1.07932,1.07921,610,m5,1,,,0,0,0,0.0,1,0.0,0,0
708,606,202408020315,1.07935,1.07925,1.07932,1.07932,498,m5,1,,,0,0,0,0.0,1,0.0,0,0
709,607,202408020320,1.07951,1.0792899999999999,1.0794700000000002,1.07932,562,m5,1,,1.0,1,0,1,1.0,1,0.0,0,0
710,608,202408020325,1.0794700000000002,1.0793,1.07934,1.0794700000000002,451,m5,1,,,0,0,1,0.0,0,-1.0,0,0
711,102,202408020330,1.07952,1.0791600000000001,1.0793,1.07934,2838,m30,1,,,0,0,0,0.0,1,0.0,0,0
712,609,202408020330,1.07952,1.0793,1.07939,1.07934,535,m5,1,,,0,0,1,0.0,0,0.0,0,0
713,610,202408020335,1.0794700000000002,1.0792700000000002,1.0792899999999999,1.07939,561,m5,1,,,0,0,1,0.0,0,0.0,0,0
714,611,202408020340,1.07931,1.0791600000000001,1.07922,1.0792899999999999,471,m5,1,,,0,0,1,0.0,0,0.0,0,0
715,612,202408020345,1.07931,1.07921,1.0792700000000002,1.07922,348,m5,1,,,0,0,1,0.0,0,0.0,0,0
716,613,202408020350,1.07934,1.07924,1.07924,1.0792700000000002,356,m5,1,,,0,0,1,0.0,0,0.0,0,0
717,614,202408020355,1.07934,1.07924,1.0793,1.07924,567,m5,1,,,0,0,1,0.0,0,0.0,0,0
718,103,202408020400,1.0797299999999999,1.07922,1.07969,1.0793,3125,m30,1,,,0,0,0,0.0,1,0.0,0,0
719,615,202408020400,1.07935,1.07922,1.07934,1.0793,518,m5,1,,,0,0,1,0.0,0,0.0,0,0
720,616,202408020405,1.07943,1.07933,1.07936,1.07934,545,m5,1,,,0,0,1,0.0,0,0.0,0,0
721,617,202408020410,1.07945,1.07928,1.07944,1.07936,452,m5,1,,,0,0,1,0.0,0,0.0,0,0
722,618,202408020415,1.07968,1.07944,1.07964,1.07944,618,m5,1,,,0,0,1,0.0,0,0.0,0,0
723,619,202408020420,1.0797299999999999,1.07962,1.0797,1.07964,484,m5,1,,,0,0,1,0.0,0,0.0,0,0
724,620,202408020425,1.07971,1.07965,1.07969,1.0797,508,m5,1,,,0,0,1,0.0,0,0.0,0,0
725,621,202408020430,1.07986,1.0796,1.07975,1.07969,587,m5,1,,,0,0,1,0.0,0,0.0,0,0
726,104,202408020430,1.07986,1.07946,1.07976,1.07969,3353,m30,1,,,0,0,0,0.0,1,0.0,0,0
727,622,202408020435,1.07981,1.07952,1.0795700000000001,1.07975,580,m5,1,,,0,0,1,0.0,0,0.0,0,0
728,623,202408020440,1.07961,1.07946,1.07955,1.0795700000000001,627,m5,1,,,0,0,1,0.0,0,0.0,0,0
729,624,202408020445,1.07958,1.0795,1.07954,1.07955,423,m5,1,,,0,0,1,0.0,0,0.0,0,0
730,625,202408020450,1.07961,1.07951,1.07956,1.07954,564,m5,1,,,0,0,1,0.0,0,0.0,0,0
731,626,202408020455,1.0797700000000001,1.07954,1.07976,1.07956,572,m5,1,,,0,0,1,0.0,0,0.0,0,0
732,627,202408020500,1.0797700000000001,1.07969,1.07976,1.07976,366,m5,1,,,0,0,1,0.0,0,0.0,0,0
733,105,202408020500,1.08002,1.07969,1.0798,1.07976,2595,m30,1,,,0,0,0,0.0,1,0.0,0,0
734,628,202408020505,1.07992,1.07976,1.07984,1.07976,290,m5,1,,,0,0,1,0.0,0,0.0,0,0
735,629,202408020510,1.08002,1.0797299999999999,1.07975,1.07984,672,m5,1,,,0,0,1,0.0,0,0.0,0,0
736,630,202408020515,1.07996,1.07975,1.0799,1.07975,543,m5,1,,,0,0,1,0.0,0,0.0,0,0
737,631,202408020520,1.07991,1.07969,1.0797700000000001,1.0799,378,m5,1,,,0,0,1,0.0,0,0.0,0,0
738,632,202408020525,1.07981,1.07971,1.0798,1.0797700000000001,346,m5,1,,,0,0,1,0.0,0,0.0,0,0
739,633,202408020530,1.07981,1.0796299999999999,1.07966,1.0798,442,m5,1,,,0,0,1,0.0,0,0.0,0,0
740,106,202408020530,1.0804200000000002,1.07955,1.08041,1.0798,4276,m30,1,,,0,0,0,0.0,1,0.0,0,0
741,634,202408020535,1.07969,1.07955,1.07962,1.07966,601,m5,1,,,0,0,1,0.0,0,0.0,0,0
742,635,202408020540,1.07987,1.07962,1.0798299999999998,1.07962,558,m5,1,,,0,0,1,0.0,0,0.0,0,0
743,636,202408020545,1.0800100000000001,1.0798299999999998,1.07994,1.0798299999999998,601,m5,1,,,0,0,1,0.0,0,0.0,0,0
744,637,202408020550,1.08013,1.0799,1.07999,1.07994,1099,m5,1,,,0,0,1,0.0,0,0.0,0,0
745,638,202408020555,1.0804200000000002,1.07999,1.08041,1.07999,975,m5,1,,,0,0,1,0.0,0,0.0,0,0
746,107,202408020600,1.0808799999999998,1.08013,1.08039,1.08041,6531,m30,1,,,0,0,0,0.0,1,0.0,0,0
747,639,202408020600,1.08043,1.08013,1.0802399999999999,1.08041,1804,m5,1,,,0,0,1,0.0,0,0.0,0,0
748,640,202408020605,1.0804,1.08014,1.08039,1.0802399999999999,950,m5,1,,,0,0,1,0.0,0,0.0,0,0
749,641,202408020610,1.08081,1.08037,1.08074,1.08039,1188,m5,1,,1.0,1,0,1,0.0,0,0.0,0,0
750,642,202408020615,1.0808799999999998,1.08033,1.08038,1.08074,998,m5,1,,,0,0,1,0.0,0,0.0,0,0
751,643,202408020620,1.08053,1.0802399999999999,1.08051,1.08038,894,m5,1,,,0,0,1,0.0,0,0.0,0,0
752,644,202408020625,1.0806200000000001,1.0803200000000002,1.08039,1.08051,697,m5,1,,,0,0,1,0.0,0,0.0,0,0
753,645,202408020630,1.08053,1.08013,1.0802399999999999,1.08039,916,m5,1,,,0,0,1,0.0,0,0.0,0,0
754,108,202408020630,1.08053,1.0792899999999999,1.0796299999999999,1.08039,7876,m30,1,,,0,0,0,0.0,1,0.0,0,0
755,646,202408020635,1.08048,1.07992,1.08002,1.0802399999999999,1387,m5,1,,,0,0,1,0.0,0,0.0,0,0
756,647,202408020640,1.08019,1.07994,1.08009,1.08002,1593,m5,1,,,0,0,1,0.0,0,0.0,0,0
757,648,202408020645,1.0801100000000001,1.0797,1.07985,1.08009,1076,m5,1,,,0,0,1,0.0,0,0.0,0,0
758,649,202408020650,1.07997,1.07936,1.07951,1.07985,1587,m5,1,,,0,0,1,0.0,0,0.0,0,0
759,650,202408020655,1.0796299999999999,1.0792899999999999,1.0796299999999999,1.07951,1317,m5,1,,,0,0,1,0.0,0,0.0,0,0
760,109,202408020700,1.0797,1.0786,1.07953,1.0796299999999999,11769,m30,1,,,0,0,0,0.0,1,0.0,0,0
761,651,202408020700,1.0796299999999999,1.0786,1.0786200000000001,1.0796299999999999,2647,m5,1,1.0,,0,1,1,0.0,1,1.0,0,0
762,652,202408020705,1.07942,1.0786200000000001,1.07924,1.0786200000000001,1856,m5,1,,,0,0,0,-1.0,1,0.0,0,0
763,653,202408020710,1.0796700000000001,1.07902,1.0796,1.07924,1562,m5,1,,,0,0,0,0.0,1,0.0,0,0
764,654,202408020715,1.0797,1.07901,1.07925,1.0796,1938,m5,1,,,0,0,0,0.0,1,0.0,0,0
765,655,202408020720,1.07951,1.07912,1.07951,1.07925,2142,m5,1,,,0,0,0,0.0,1,0.0,0,0
766,656,202408020725,1.07964,1.0792,1.07953,1.07951,1624,m5,1,,,0,0,0,0.0,1,0.0,0,0
767,657,202408020730,1.07974,1.07944,1.07964,1.07953,1292,m5,1,,,0,0,0,0.0,1,0.0,0,0
768,110,202408020730,1.08043,1.07915,1.08041,1.07953,9113,m30,1,,,0,0,0,0.0,1,0.0,0,0
769,658,202408020735,1.07968,1.07915,1.0794700000000002,1.07964,1676,m5,1,,,0,0,0,0.0,1,0.0,0,0
770,659,202408020740,1.0799,1.07941,1.07978,1.0794700000000002,1697,m5,1,,,0,0,0,0.0,1,0.0,0,0
771,660,202408020745,1.08004,1.07962,1.0799299999999998,1.07978,1734,m5,1,,,0,0,0,0.0,1,0.0,0,0
772,661,202408020750,1.08028,1.07992,1.08012,1.0799299999999998,1289,m5,1,,,0,0,0,0.0,1,0.0,0,0
773,662,202408020755,1.08043,1.07997,1.08041,1.08012,1425,m5,1,,,0,0,0,0.0,1,0.0,0,0
774,663,202408020800,1.08093,1.08035,1.0807799999999999,1.08041,2106,m5,1,,,0,0,0,0.0,1,0.0,0,0
775,111,202408020800,1.08115,1.08031,1.08102,1.08041,9428,m30,1,,,0,0,0,0.0,1,0.0,0,0
776,664,202408020805,1.08105,1.08075,1.08085,1.0807799999999999,1679,m5,1,,,0,0,0,0.0,1,0.0,0,0
777,665,202408020810,1.08086,1.08051,1.08057,1.08085,1404,m5,1,,,0,0,0,0.0,1,0.0,0,0
778,666,202408020815,1.08092,1.08031,1.08037,1.08057,1488,m5,1,,,0,0,0,0.0,1,0.0,0,0
779,667,202408020820,1.08087,1.08031,1.0808200000000001,1.08037,1381,m5,1,,,0,0,0,0.0,1,0.0,0,0
780,668,202408020825,1.08115,1.0808,1.08102,1.0808200000000001,1370,m5,1,,,0,0,0,0.0,1,0.0,0,0
781,112,202408020830,1.08152,1.0807799999999999,1.08144,1.08102,6158,m30,1,,,0,0,0,0.0,1,0.0,0,0
782,669,202408020830,1.0813700000000002,1.0808799999999998,1.0812,1.08102,1386,m5,1,,,0,0,0,0.0,1,0.0,0,0
783,670,202408020835,1.0812700000000002,1.08091,1.0809799999999998,1.0812,752,m5,1,,,0,0,0,0.0,1,0.0,0,0
784,671,202408020840,1.08104,1.0807799999999999,1.0808799999999998,1.0809799999999998,997,m5,1,,,0,0,0,0.0,1,0.0,0,0
785,672,202408020845,1.08125,1.08086,1.08117,1.0808799999999998,967,m5,1,,,0,0,0,0.0,1,0.0,0,0
786,673,202408020850,1.08139,1.0810799999999998,1.08136,1.08117,968,m5,1,,,0,0,0,0.0,1,0.0,0,0
787,674,202408020855,1.08152,1.08128,1.08144,1.08136,1088,m5,1,,,0,0,0,0.0,1,0.0,0,0
788,113,202408020900,1.08248,1.08143,1.08217,1.08144,7035,m30,1,,,0,0,0,0.0,1,0.0,0,0
789,675,202408020900,1.08182,1.08143,1.08176,1.08144,1106,m5,1,,,0,0,0,0.0,1,0.0,0,0
790,676,202408020905,1.0820100000000001,1.08164,1.08195,1.08176,1238,m5,1,,,0,0,0,0.0,1,0.0,0,0
791,677,202408020910,1.08218,1.0817299999999999,1.08213,1.08195,1100,m5,1,,,0,0,0,0.0,1,0.0,0,0
792,678,202408020915,1.08248,1.0821,1.08237,1.08213,1451,m5,1,,1.0,1,0,1,1.0,1,0.0,0,0
793,679,202408020920,1.0824200000000002,1.08217,1.08235,1.08237,1126,m5,1,,,0,0,1,0.0,0,-1.0,0,0
794,680,202408020925,1.08247,1.08207,1.08217,1.08235,1014,m5,1,,,0,0,1,0.0,0,0.0,0,0
795,114,202408020930,1.08241,1.08171,1.0820299999999998,1.08217,5551,m30,1,,,0,0,0,0.0,1,0.0,0,0
796,681,202408020930,1.08225,1.08199,1.0822200000000002,1.08217,961,m5,1,,,0,0,1,0.0,0,0.0,0,0
797,682,202408020935,1.08241,1.0821,1.0823200000000002,1.0822200000000002,859,m5,1,,,0,0,1,0.0,0,0.0,0,0
798,683,202408020940,1.08241,1.08184,1.08185,1.0823200000000002,686,m5,1,,,0,0,1,0.0,0,0.0,0,0
799,684,202408020945,1.08197,1.0817299999999999,1.08188,1.08185,842,m5,1,,,0,0,1,0.0,0,0.0,0,0
800,685,202408020950,1.08205,1.08171,1.08194,1.08188,984,m5,1,,,0,0,1,0.0,0,0.0,0,0
801,686,202408020955,1.0821,1.08187,1.0820299999999998,1.08194,1219,m5,1,,,0,0,1,0.0,0,0.0,0,0
802,687,202408021000,1.08226,1.0820100000000001,1.08209,1.0820299999999998,1268,m5,1,,,0,0,1,0.0,0,0.0,0,0
803,115,202408021000,1.08226,1.08155,1.08182,1.0820299999999998,6224,m30,1,,,0,0,0,0.0,1,0.0,0,0
804,688,202408021005,1.08214,1.08162,1.0817700000000001,1.08209,1157,m5,1,1.0,,0,1,1,0.0,1,1.0,0,0
805,689,202408021010,1.0819299999999998,1.08155,1.08188,1.0817700000000001,1004,m5,1,,,0,0,0,-1.0,1,0.0,0,0
806,690,202408021015,1.08214,1.08185,1.08191,1.08188,1072,m5,1,,,0,0,0,0.0,1,0.0,0,0
807,691,202408021020,1.08217,1.08176,1.08208,1.08191,865,m5,1,,,0,0,0,0.0,1,0.0,0,0
808,692,202408021025,1.08213,1.08175,1.08182,1.08208,858,m5,1,,,0,0,0,0.0,1,0.0,0,0
809,116,202408021030,1.08245,1.08162,1.08229,1.08182,5317,m30,1,,,0,0,0,0.0,1,0.0,0,0
810,693,202408021030,1.0820100000000001,1.08174,1.08188,1.08182,1148,m5,1,,,0,0,0,0.0,1,0.0,0,0
811,694,202408021035,1.08188,1.08162,1.08179,1.08188,754,m5,1,,,0,0,0,0.0,1,0.0,0,0
812,695,202408021040,1.0820100000000001,1.08165,1.0818,1.08179,951,m5,1,,,0,0,0,0.0,1,0.0,0,0
813,696,202408021045,1.08225,1.08178,1.0822399999999999,1.0818,964,m5,1,,,0,0,0,0.0,1,0.0,0,0
814,697,202408021050,1.08237,1.08208,1.0823,1.0822399999999999,848,m5,1,,,0,0,0,0.0,1,0.0,0,0
815,698,202408021055,1.08245,1.08228,1.08229,1.0823,652,m5,1,,,0,0,0,0.0,1,0.0,0,0
816,699,202408021100,1.0826799999999999,1.08228,1.08266,1.08229,1000,m5,1,,,0,0,0,0.0,1,0.0,0,0
817,117,202408021100,1.08365,1.08228,1.08364,1.08229,5827,m30,1,,,0,0,0,0.0,1,0.0,0,0
818,700,202408021105,1.08273,1.08254,1.0827200000000001,1.08266,610,m5,1,,,0,0,0,0.0,1,0.0,0,0
819,701,202408021110,1.08299,1.0827,1.08293,1.0827200000000001,905,m5,1,,,0,0,0,0.0,1,0.0,0,0
820,702,202408021115,1.08312,1.08281,1.0828799999999998,1.08293,1069,m5,1,,,0,0,0,0.0,1,0.0,0,0
821,703,202408021120,1.0832899999999999,1.08287,1.0832600000000001,1.0828799999999998,1221,m5,1,,,0,0,0,0.0,1,0.0,0,0
822,704,202408021125,1.08365,1.08311,1.08364,1.0832600000000001,1022,m5,1,,1.0,1,0,1,1.0,1,0.0,0,0
823,118,202408021130,1.0837299999999999,1.08287,1.08312,1.08364,6398,m30,1,,,0,0,0,0.0,1,0.0,0,0
824,705,202408021130,1.0837299999999999,1.08338,1.0834,1.08364,1123,m5,1,,,0,0,1,0.0,0,-1.0,0,0
825,706,202408021135,1.08343,1.08325,1.0833,1.0834,1103,m5,1,,,0,0,1,0.0,0,0.0,0,0
826,707,202408021140,1.08341,1.08318,1.08332,1.0833,1135,m5,1,,,0,0,1,0.0,0,0.0,0,0
827,708,202408021145,1.08332,1.083,1.08307,1.08332,1026,m5,1,,,0,0,1,0.0,0,0.0,0,0
828,709,202408021150,1.08317,1.0829600000000001,1.08309,1.08307,1042,m5,1,,,0,0,1,0.0,0,0.0,0,0
829,710,202408021155,1.08317,1.08287,1.08312,1.08309,969,m5,1,,,0,0,1,0.0,0,0.0,0,0
830,119,202408021200,1.08358,1.08291,1.08321,1.08312,6784,m30,1,,,0,0,0,0.0,1,0.0,0,0
831,711,202408021200,1.08352,1.08311,1.08349,1.08312,1358,m5,1,,,0,0,1,0.0,0,0.0,0,0
832,712,202408021205,1.08358,1.08343,1.0834700000000002,1.08349,1095,m5,1,,,0,0,1,0.0,0,0.0,0,0
833,713,202408021210,1.08353,1.08332,1.08334,1.0834700000000002,999,m5,1,,,0,0,1,0.0,0,0.0,0,0
834,714,202408021215,1.08336,1.08314,1.08324,1.08334,925,m5,1,,,0,0,1,0.0,0,0.0,0,0
835,715,202408021220,1.08335,1.08291,1.08318,1.08324,1358,m5,1,,,0,0,1,0.0,0,0.0,0,0
836,716,202408021225,1.08346,1.08297,1.08321,1.08318,1049,m5,1,,,0,0,1,0.0,0,0.0,0,0
837,717,202408021230,1.08733,1.08314,1.08572,1.08321,7863,m5,1,,,0,0,1,0.0,0,0.0,0,0
838,120,202408021230,1.0897,1.08314,1.0891,1.08321,30661,m30,1,,,0,0,0,0.0,1,0.0,0,0
839,718,202408021235,1.08635,1.08453,1.08497,1.08572,6213,m5,1,,,0,0,1,0.0,0,0.0,0,0
840,719,202408021240,1.08658,1.08497,1.08644,1.08497,4914,m5,1,,,0,0,1,0.0,0,0.0,0,0
841,720,202408021245,1.0880100000000001,1.08631,1.088,1.08644,4326,m5,1,,,0,0,1,0.0,0,0.0,0,0
842,721,202408021250,1.08934,1.08799,1.08922,1.088,3636,m5,1,,,0,0,1,0.0,0,0.0,0,0
843,722,202408021255,1.0897,1.08876,1.0891,1.08922,3709,m5,1,,,0,0,1,0.0,0,0.0,0,0
844,121,202408021300,1.08999,1.0884200000000002,1.08942,1.0891,17603,m30,1,,,0,0,0,0.0,1,0.0,0,0
845,723,202408021300,1.0891,1.0884200000000002,1.08895,1.0891,3744,m5,1,,,0,0,1,0.0,0,0.0,0,0
846,724,202408021305,1.08931,1.08883,1.08917,1.08895,3029,m5,1,,,0,0,1,0.0,0,0.0,0,0
847,725,202408021310,1.0893899999999999,1.089,1.08917,1.08917,2823,m5,1,,,0,0,1,0.0,0,0.0,0,0
848,726,202408021315,1.08999,1.08909,1.08962,1.08917,2919,m5,1,,,0,0,1,0.0,0,0.0,0,0
849,727,202408021320,1.08999,1.08948,1.08966,1.08962,2500,m5,1,,,0,0,1,0.0,0,0.0,0,0
850,728,202408021325,1.08984,1.0893,1.08942,1.08966,2588,m5,1,,,0,0,1,0.0,0,0.0,0,0
851,122,202408021330,1.09064,1.0885200000000002,1.09055,1.08942,14340,m30,1,,,0,0,0,0.0,1,0.0,0,0
852,729,202408021330,1.08959,1.08899,1.08905,1.08942,3362,m5,1,,,0,0,1,0.0,0,0.0,0,0
853,730,202408021335,1.0892899999999999,1.0885200000000002,1.08873,1.08905,2388,m5,1,,,0,0,1,0.0,0,0.0,0,0
854,731,202408021340,1.08931,1.08859,1.08915,1.08873,2729,m5,1,,,0,0,1,0.0,0,0.0,0,0
855,732,202408021345,1.09012,1.0891,1.09009,1.08915,1976,m5,1,,,0,0,1,0.0,0,0.0,0,0
856,733,202408021350,1.0902100000000001,1.08988,1.09012,1.09009,1918,m5,1,,,0,0,1,0.0,0,0.0,0,0
857,734,202408021355,1.09064,1.09012,1.09055,1.09012,1967,m5,1,,,0,0,1,0.0,0,0.0,0,0
858,735,202408021400,1.09086,1.09012,1.09075,1.09055,3342,m5,1,,,0,0,1,0.0,0,0.0,0,0
859,123,202408021400,1.09178,1.09,1.09164,1.09055,17584,m30,1,,,0,0,0,0.0,1,0.0,0,0
860,736,202408021405,1.0908200000000001,1.09036,1.09056,1.09075,2743,m5,1,,,0,0,1,0.0,0,0.0,0,0
861,737,202408021410,1.09107,1.09,1.0908799999999998,1.09056,3070,m5,1,,,0,0,1,0.0,0,0.0,0,0
862,738,202408021415,1.09128,1.09087,1.0911799999999998,1.0908799999999998,3052,m5,1,,,0,0,1,0.0,0,0.0,0,0
863,739,202408021420,1.09159,1.09101,1.09119,1.0911799999999998,2946,m5,1,,,0,0,1,0.0,0,0.0,0,0
864,740,202408021425,1.09178,1.09089,1.09164,1.09119,2431,m5,1,,,0,0,1,0.0,0,0.0,0,0
865,741,202408021430,1.0917700000000001,1.09091,1.09117,1.09164,3197,m5,1,,,0,0,1,0.0,0,0.0,0,0
866,124,202408021430,1.09266,1.09091,1.09223,1.09164,15865,m30,1,,1.0,1,0,1,1.0,1,0.0,0,0
867,742,202408021435,1.09166,1.09117,1.09154,1.09117,2242,m5,1,,,0,0,1,0.0,0,0.0,0,0
868,743,202408021440,1.0917,1.0911,1.09165,1.09154,2503,m5,1,,,0,0,1,0.0,0,0.0,0,0
869,744,202408021445,1.09181,1.09132,1.09164,1.09165,2194,m5,1,,,0,0,1,0.0,0,0.0,0,0
870,745,202408021450,1.09238,1.0915,1.09229,1.09164,3106,m5,1,,,0,0,1,0.0,0,0.0,0,0
871,746,202408021455,1.09266,1.09208,1.09223,1.09229,2623,m5,1,,,0,0,1,0.0,0,0.0,0,0
872,125,202408021500,1.0924399999999999,1.0913899999999999,1.09216,1.09223,11501,m30,1,,,0,0,1,0.0,0,-1.0,0,0
873,747,202408021500,1.0924399999999999,1.09184,1.09192,1.09223,2250,m5,1,,,0,0,1,0.0,0,0.0,0,0
874,748,202408021505,1.09205,1.0913899999999999,1.0916,1.09192,1977,m5,1,,,0,0,1,0.0,0,0.0,0,0
875,749,202408021510,1.09207,1.09156,1.09191,1.0916,1525,m5,1,,,0,0,1,0.0,0,0.0,0,0
876,750,202408021515,1.0921100000000001,1.09178,1.09199,1.09191,1619,m5,1,,,0,0,1,0.0,0,0.0,0,0
877,751,202408021520,1.0922,1.09158,1.09209,1.09199,2107,m5,1,,,0,0,1,0.0,0,0.0,0,0
878,752,202408021525,1.09225,1.09172,1.09216,1.09209,2023,m5,1,,,0,0,1,0.0,0,0.0,0,0
879,126,202408021530,1.09247,1.09121,1.09133,1.09216,12285,m30,1,,,0,0,1,0.0,0,0.0,0,0
880,753,202408021530,1.0923200000000002,1.09172,1.09179,1.09216,2106,m5,1,,,0,0,1,0.0,0,0.0,0,0
881,754,202408021535,1.09247,1.0917700000000001,1.0923,1.09179,2066,m5,1,,,0,0,1,0.0,0,0.0,0,0
882,755,202408021540,1.09237,1.09217,1.0923399999999999,1.0923,1953,m5,1,,1.0,1,0,1,0.0,0,0.0,0,0
883,756,202408021545,1.0924200000000002,1.09179,1.09184,1.0923399999999999,2054,m5,1,,,0,0,1,0.0,0,0.0,0,0
884,757,202408021550,1.09184,1.09145,1.09162,1.09184,2347,m5,1,,,0,0,1,0.0,0,0.0,0,0
885,758,202408021555,1.09164,1.09121,1.09133,1.09162,1759,m5,1,,,0,0,1,0.0,0,0.0,0,0
886,759,202408021600,1.09133,1.0903100000000001,1.09056,1.09133,2712,m5,1,1.0,,0,1,1,0.0,1,1.0,0,0
887,127,202408021600,1.09146,1.0903100000000001,1.09127,1.09133,12811,m30,1,,,0,0,1,0.0,0,0.0,0,0
888,760,202408021605,1.09084,1.09048,1.09071,1.09056,2410,m5,1,,,0,0,0,-1.0,1,0.0,0,0
889,761,202408021610,1.09085,1.09047,1.0906200000000001,1.09071,2352,m5,1,,,0,0,0,0.0,1,0.0,0,0
890,762,202408021615,1.09125,1.09061,1.09123,1.0906200000000001,2010,m5,1,,,0,0,0,0.0,1,0.0,0,0
891,763,202408021620,1.09136,1.09112,1.0912899999999999,1.09123,1892,m5,1,,,0,0,0,0.0,1,0.0,0,0
892,764,202408021625,1.09146,1.09122,1.09127,1.0912899999999999,1435,m5,1,,,0,0,0,0.0,1,0.0,0,0
893,128,202408021630,1.09148,1.09093,1.0912,1.09127,7940,m30,1,,,0,0,1,0.0,0,0.0,0,0
894,765,202408021630,1.09143,1.09124,1.0913,1.09127,1671,m5,1,,,0,0,0,0.0,1,0.0,0,0
895,766,202408021635,1.09131,1.09107,1.09117,1.0913,1533,m5,1,,,0,0,0,0.0,1,0.0,0,0
896,767,202408021640,1.09128,1.09093,1.09097,1.09117,1015,m5,1,,,0,0,0,0.0,1,0.0,0,0
897,768,202408021645,1.09119,1.09095,1.09113,1.09097,1255,m5,1,,,0,0,0,0.0,1,0.0,0,0
898,769,202408021650,1.09148,1.09111,1.09123,1.09113,1158,m5,1,,,0,0,0,0.0,1,0.0,0,0
899,770,202408021655,1.09144,1.09119,1.0912,1.09123,1308,m5,1,,,0,0,0,0.0,1,0.0,0,0
900,771,202408021700,1.09151,1.0912,1.09142,1.0912,1120,m5,1,,,0,0,0,0.0,1,0.0,0,0
901,129,202408021700,1.09153,1.09071,1.09099,1.0912,7405,m30,1,,,0,0,1,0.0,0,0.0,0,0
902,772,202408021705,1.09153,1.09133,1.09143,1.09142,1417,m5,1,,1.0,1,0,1,1.0,1,0.0,0,0
903,773,202408021710,1.09144,1.09091,1.09099,1.09143,1184,m5,1,,,0,0,1,0.0,0,-1.0,0,0
904,774,202408021715,1.0911799999999998,1.09077,1.09114,1.09099,1218,m5,1,,,0,0,1,0.0,0,0.0,0,0
905,775,202408021720,1.09125,1.09087,1.0909200000000001,1.09114,1351,m5,1,1.0,,0,1,1,0.0,1,1.0,0,0
906,776,202408021725,1.091,1.09071,1.09099,1.0909200000000001,1115,m5,1,,,0,0,0,-1.0,1,0.0,0,0
907,777,202408021730,1.09113,1.0908799999999998,1.09104,1.09099,1137,m5,1,,,0,0,0,0.0,1,0.0,0,0
908,130,202408021730,1.0913700000000002,1.0908200000000001,1.09111,1.09099,6936,m30,1,,,0,0,1,0.0,0,0.0,0,0
909,778,202408021735,1.09127,1.0908200000000001,1.09127,1.09104,1023,m5,1,,,0,0,0,0.0,1,0.0,0,0
910,779,202408021740,1.0912899999999999,1.0910600000000001,1.09127,1.09127,1015,m5,1,,,0,0,0,0.0,1,0.0,0,0
911,780,202408021745,1.0913700000000002,1.09112,1.09115,1.09127,1261,m5,1,,,0,0,0,0.0,1,0.0,0,0
912,781,202408021750,1.0912600000000001,1.09099,1.09103,1.09115,1180,m5,1,,,0,0,0,0.0,1,0.0,0,0
913,782,202408021755,1.09115,1.09095,1.09111,1.09103,1320,m5,1,,,0,0,0,0.0,1,0.0,0,0
914,131,202408021800,1.09153,1.0909799999999998,1.09152,1.09111,6573,m30,1,,,0,0,1,0.0,0,0.0,0,0
915,783,202408021800,1.09123,1.0909799999999998,1.09102,1.09111,1038,m5,1,,,0,0,0,0.0,1,0.0,0,0
916,784,202408021805,1.09121,1.09101,1.09105,1.09102,1174,m5,1,,,0,0,0,0.0,1,0.0,0,0
917,785,202408021810,1.09114,1.09101,1.0911,1.09105,1053,m5,1,,,0,0,0,0.0,1,0.0,0,0
918,786,202408021815,1.09127,1.09105,1.09117,1.0911,970,m5,1,,,0,0,0,0.0,1,0.0,0,0
919,787,202408021820,1.0913700000000002,1.09113,1.09115,1.09117,1116,m5,1,,,0,0,0,0.0,1,0.0,0,0
920,788,202408021825,1.09153,1.09115,1.09152,1.09115,1222,m5,1,,1.0,1,0,1,1.0,1,0.0,0,0
921,789,202408021830,1.09166,1.09138,1.09138,1.09152,1240,m5,1,,,0,0,1,0.0,0,-1.0,0,0
922,132,202408021830,1.09166,1.09099,1.09128,1.09152,8030,m30,1,,,0,0,1,0.0,0,0.0,0,0
923,790,202408021835,1.09141,1.09099,1.09113,1.09138,1238,m5,1,,,0,0,1,0.0,0,0.0,0,0
924,791,202408021840,1.09134,1.09107,1.09128,1.09113,1187,m5,1,,,0,0,1,0.0,0,0.0,0,0
925,792,202408021845,1.09136,1.0911600000000001,1.09127,1.09128,1466,m5,1,,,0,0,1,0.0,0,0.0,0,0
926,793,202408021850,1.0913899999999999,1.0911600000000001,1.0913899999999999,1.09127,1509,m5,1,,,0,0,1,0.0,0,0.0,0,0
927,794,202408021855,1.09156,1.0912600000000001,1.09128,1.0913899999999999,1390,m5,1,,,0,0,1,0.0,0,0.0,0,0
928,133,202408021900,1.09165,1.0909799999999998,1.09153,1.09128,5925,m30,1,,,0,0,1,0.0,0,0.0,0,0
929,795,202408021900,1.0912899999999999,1.09103,1.09113,1.09128,840,m5,1,,,0,0,1,0.0,0,0.0,0,0
930,796,202408021905,1.09123,1.0909799999999998,1.09115,1.09113,1242,m5,1,,,0,0,1,0.0,0,0.0,0,0
931,797,202408021910,1.09117,1.09105,1.09109,1.09115,889,m5,1,,,0,0,1,0.0,0,0.0,0,0
932,798,202408021915,1.09131,1.091,1.09121,1.09109,1082,m5,1,,,0,0,1,0.0,0,0.0,0,0
933,799,202408021920,1.0913899999999999,1.09121,1.09138,1.09121,969,m5,1,,,0,0,1,0.0,0,0.0,0,0
934,800,202408021925,1.09165,1.09136,1.09153,1.09138,903,m5,1,,1.0,1,0,1,0.0,0,0.0,0,0
935,801,202408021930,1.09158,1.09143,1.0914700000000002,1.09153,438,m5,1,,,0,0,1,0.0,0,0.0,0,0
936,134,202408021930,1.09158,1.09096,1.09127,1.09153,4169,m30,1,,,0,0,1,0.0,0,0.0,0,0
937,802,202408021935,1.09153,1.0910600000000001,1.0910600000000001,1.0914700000000002,883,m5,1,,,0,0,1,0.0,0,0.0,0,0
938,803,202408021940,1.09112,1.0909799999999998,1.09112,1.0910600000000001,649,m5,1,,,0,0,1,0.0,0,0.0,0,0
939,804,202408021945,1.09135,1.09105,1.09107,1.09112,562,m5,1,,,0,0,1,0.0,0,0.0,0,0
940,805,202408021950,1.09133,1.09096,1.09128,1.09107,702,m5,1,,,0,0,1,0.0,0,0.0,0,0
941,806,202408021955,1.09143,1.09121,1.09127,1.09128,935,m5,1,,,0,0,1,0.0,0,0.0,0,0
942,807,202408022000,1.09136,1.09117,1.09136,1.09127,537,m5,1,,,0,0,1,0.0,0,0.0,0,0
943,135,202408022000,1.09149,1.09079,1.09083,1.09127,1586,m30,1,1.0,,0,1,1,0.0,1,1.0,0,0
944,808,202408022005,1.09138,1.09127,1.09138,1.09136,179,m5,1,,,0,0,1,0.0,0,0.0,0,0
945,809,202408022010,1.09149,1.0912600000000001,1.0912899999999999,1.09138,177,m5,1,,,0,0,1,0.0,0,0.0,0,0
946,810,202408022015,1.0912899999999999,1.09112,1.09121,1.0912899999999999,246,m5,1,,,0,0,1,0.0,0,0.0,0,0
947,811,202408022020,1.09123,1.09105,1.09107,1.09121,246,m5,1,,,0,0,1,0.0,0,0.0,0,0
948,812,202408022025,1.0910799999999998,1.09079,1.09083,1.09107,201,m5,1,1.0,,0,1,1,0.0,1,1.0,0,1
949,813,202408022030,1.09097,1.09079,1.09089,1.09083,185,m5,1,,,0,0,0,-1.0,1,0.0,0,0
950,136,202408022030,1.09124,1.09079,1.09085,1.09083,3252,m30,1,,,0,0,0,-1.0,1,0.0,0,0
951,814,202408022035,1.09095,1.09086,1.09093,1.09089,373,m5,1,,,0,0,0,0.0,1,0.0,0,0
952,815,202408022040,1.0910799999999998,1.0908799999999998,1.09107,1.09093,214,m5,1,,,0,0,0,0.0,1,0.0,0,0
953,816,202408022045,1.0910799999999998,1.09101,1.09102,1.09107,205,m5,1,,,0,0,0,0.0,1,0.0,0,0
954,817,202408022050,1.09124,1.09101,1.09104,1.09102,497,m5,1,,,0,0,0,0.0,1,0.0,0,0
955,818,202408022055,1.09119,1.09079,1.09085,1.09104,509,m5,1,,,0,0,0,0.0,1,0.0,0,0
956,137,202408031330,1.09085,1.09084,1.09085,1.09085,12,m30,1,,,0,0,0,0.0,1,0.0,0,0
957,819,202408031335,1.09085,1.09084,1.09085,1.09085,4,m5,1,,,0,0,0,0.0,1,0.0,0,0
958,820,202408031340,1.09085,1.09084,1.09084,1.09085,2,m5,1,,,0,0,0,0.0,1,0.0,0,0
959,821,202408031345,1.09085,1.09084,1.09085,1.09084,2,m5,1,,,0,0,0,0.0,1,0.0,0,0
960,822,202408031350,1.09085,1.09084,1.09085,1.09085,4,m5,1,,,0,0,0,0.0,1,0.0,0,0
961,138,202408031400,1.09085,1.09084,1.09085,1.09085,4,m30,1,,,0,0,0,0.0,1,0.0,0,0
962,823,202408031420,1.09085,1.09084,1.09084,1.09085,2,m5,1,,,0,0,0,0.0,1,0.0,0,0
963,824,202408031425,1.09085,1.09084,1.09085,1.09084,2,m5,1,,,0,0,0,0.0,1,0.0,0,0
964,139,202408031430,1.09085,1.09084,1.09085,1.09085,8,m30,1,,,0,0,0,0.0,1,0.0,0,0
965,825,202408031430,1.09085,1.09084,1.09085,1.09085,4,m5,1,,,0,0,0,0.0,1,0.0,0,0
966,826,202408031435,1.09085,1.09084,1.09084,1.09085,2,m5,1,,,0,0,0,0.0,1,0.0,0,0
967,827,202408031440,1.09085,1.09084,1.09085,1.09084,2,m5,1,,,0,0,0,0.0,1,0.0,0,0
968,140,202408031500,1.09085,1.09084,1.09084,1.09085,2,m30,1,,,0,0,0,0.0,1,0.0,0,0
969,828,202408031500,1.09085,1.09084,1.09084,1.09085,2,m5,1,,,0,0,0,0.0,1,0.0,0,0
970,141,202408041800,1.09085,1.09084,1.09085,1.09084,4,m30,1,,,0,0,0,0.0,1,0.0,0,0
971,829,202408041805,1.09085,1.09084,1.09085,1.09084,4,m5,1,,,0,0,0,0.0,1,0.0,0,0
972,142,202408041900,1.09215,1.09047,1.09202,1.09085,176,m30,1,,,0,0,0,0.0,1,0.0,0,0
973,830,202408041900,1.09085,1.09047,1.09057,1.09085,32,m5,1,1.0,,0,1,0,0.0,1,0.0,0,0
974,831,202408041905,1.09064,1.09057,1.09064,1.09057,14,m5,1,,,0,0,0,0.0,1,0.0,0,0
975,832,202408041910,1.09162,1.09058,1.09155,1.09064,24,m5,1,,,0,0,0,0.0,1,0.0,0,0
976,833,202408041915,1.09165,1.09135,1.09158,1.09155,16,m5,1,,,0,0,0,0.0,1,0.0,0,0
977,834,202408041920,1.0921299999999998,1.09145,1.092,1.09158,74,m5,1,,,0,0,0,0.0,1,0.0,0,0
978,835,202408041925,1.09215,1.092,1.09202,1.092,16,m5,1,,,0,0,0,0.0,1,0.0,0,0
979,143,202408041930,1.09241,1.09202,1.09241,1.09202,140,m30,1,,1.0,1,0,1,1.0,1,0.0,0,0
980,836,202408041930,1.09215,1.09202,1.09204,1.09202,12,m5,1,,,0,0,0,0.0,1,0.0,0,0
981,837,202408041935,1.09223,1.09204,1.09208,1.09204,26,m5,1,,,0,0,0,0.0,1,0.0,0,0
982,838,202408041940,1.09239,1.09207,1.09239,1.09208,28,m5,1,,,0,0,0,0.0,1,0.0,0,0
983,839,202408041945,1.09239,1.09228,1.09229,1.09239,14,m5,1,,,0,0,0,0.0,1,0.0,0,0
984,840,202408041950,1.09235,1.09228,1.0923100000000001,1.09229,10,m5,1,,,0,0,0,0.0,1,0.0,0,0
985,841,202408041955,1.09241,1.0923100000000001,1.09241,1.0923100000000001,50,m5,1,,1.0,1,0,1,1.0,1,0.0,1,0
986,144,202408042000,1.0925,1.09225,1.0923,1.09241,50,m30,1,,,0,0,1,0.0,0,-1.0,0,0
987,842,202408042000,1.09241,1.09227,1.09227,1.09241,16,m5,1,,,0,0,1,0.0,0,-1.0,0,0
988,843,202408042005,1.0923,1.09225,1.0923,1.09227,8,m5,1,,,0,0,1,0.0,0,0.0,0,0
989,844,202408042010,1.0925,1.09229,1.09229,1.0923,8,m5,1,,,0,0,1,0.0,0,0.0,0,0
990,845,202408042015,1.0925,1.09229,1.09229,1.09229,8,m5,1,,,0,0,1,0.0,0,0.0,0,0
991,846,202408042020,1.0923,1.09229,1.0923,1.09229,6,m5,1,,,0,0,1,0.0,0,0.0,0,0
992,847,202408042025,1.0923,1.09229,1.0923,1.0923,4,m5,1,,,0,0,1,0.0,0,0.0,0,0
993,848,202408042030,1.0924200000000002,1.09229,1.0923100000000001,1.0923,16,m5,1,,,0,0,1,0.0,0,0.0,0,0
994,145,202408042030,1.0924200000000002,1.0922399999999999,1.0922399999999999,1.0923,40,m30,1,,,0,0,1,0.0,0,0.0,0,0
995,849,202408042035,1.0923100000000001,1.09225,1.09225,1.0923100000000001,6,m5,1,,,0,0,1,0.0,0,0.0,0,0
996,850,202408042040,1.09225,1.0922399999999999,1.09225,1.09225,4,m5,1,,,0,0,1,0.0,0,0.0,0,0
997,851,202408042045,1.09225,1.0922399999999999,1.09225,1.09225,4,m5,1,,,0,0,1,0.0,0,0.0,0,0
998,852,202408042050,1.09225,1.0922399999999999,1.09225,1.09225,8,m5,1,,,0,0,1,0.0,0,0.0,0,0
999,853,202408042055,1.09225,1.0922399999999999,1.0922399999999999,1.09225,2,m5,1,,,0,0,1,0.0,0,0.0,0,0
1000,854,202408042100,1.0922399999999999,1.0917299999999999,1.0917299999999999,1.0922399999999999,18,m5,1,,,0,0,1,0.0,0,0.0,0,0
1001,146,202408042100,1.0922399999999999,1.09156,1.09189,1.0922399999999999,330,m30,1,,,0,0,1,0.0,0,0.0,0,0
1002,855,202408042105,1.09198,1.09156,1.09165,1.0917299999999999,80,m5,1,1.0,,0,1,1,0.0,1,1.0,0,0
1003,856,202408042110,1.0921299999999998,1.09159,1.09186,1.09165,182,m5,1,,,0,0,0,-1.0,1,0.0,0,0
1004,857,202408042115,1.09192,1.09181,1.09192,1.09186,16,m5,1,,,0,0,0,0.0,1,0.0,0,0
1005,858,202408042120,1.09194,1.09185,1.0919299999999998,1.09192,20,m5,1,,,0,0,0,0.0,1,0.0,0,0
1006,859,202408042125,1.09196,1.09189,1.09189,1.0919299999999998,14,m5,1,,,0,0,0,0.0,1,0.0,0,0
1007,860,202408042130,1.09199,1.09185,1.09196,1.09189,86,m5,1,,,0,0,0,0.0,1,0.0,0,0
1008,147,202408042130,1.09199,1.09174,1.09185,1.09189,670,m30,1,,,0,0,1,0.0,0,0.0,0,0
1009,861,202408042135,1.09199,1.09188,1.0919,1.09196,152,m5,1,,,0,0,0,0.0,1,0.0,0,0
1010,862,202408042140,1.09195,1.0918700000000001,1.0919299999999998,1.0919,104,m5,1,,,0,0,0,0.0,1,0.0,0,0
1011,863,202408042145,1.0919299999999998,1.09182,1.0918299999999999,1.0919299999999998,144,m5,1,,,0,0,0,0.0,1,0.0,0,0
1012,864,202408042150,1.0919,1.0918299999999999,1.09184,1.0918299999999999,50,m5,1,,,0,0,0,0.0,1,0.0,0,0
1013,865,202408042155,1.09195,1.09174,1.09185,1.09184,134,m5,1,,,0,0,0,0.0,1,0.0,0,0
1014,866,202408042200,1.09205,1.09095,1.09114,1.09185,2016,m5,1,,,0,0,0,0.0,1,0.0,0,0
1015,148,202408042200,1.09205,1.09063,1.09066,1.09185,4696,m30,1,,,0,0,1,0.0,0,0.0,0,0
1016,867,202408042205,1.09131,1.09099,1.09113,1.09114,530,m5,1,,,0,0,0,0.0,1,0.0,0,0
1017,868,202408042210,1.09124,1.0910600000000001,1.09121,1.09113,206,m5,1,,,0,0,0,0.0,1,0.0,0,0
1018,869,202408042215,1.09122,1.09087,1.0909,1.09121,546,m5,1,,,0,0,0,0.0,1,0.0,0,0
1019,870,202408042220,1.09093,1.09081,1.09081,1.0909,630,m5,1,,,0,0,0,0.0,1,0.0,0,0
1020,871,202408042225,1.09089,1.09063,1.09066,1.09081,768,m5,1,,,0,0,0,0.0,1,0.0,0,0
1021,872,202408042230,1.0907,1.09056,1.09063,1.09066,758,m5,1,,,0,0,0,0.0,1,0.0,0,0
1022,149,202408042230,1.0907,1.09028,1.09063,1.09066,4160,m30,1,1.0,,0,1,1,0.0,1,1.0,0,0
1023,873,202408042235,1.09066,1.0904200000000002,1.09046,1.09063,602,m5,1,,,0,0,0,0.0,1,0.0,0,0
1024,874,202408042240,1.09063,1.09046,1.09051,1.09046,762,m5,1,,,0,0,0,0.0,1,0.0,0,0
1025,875,202408042245,1.09057,1.0904200000000002,1.0904200000000002,1.09051,538,m5,1,,,0,0,0,0.0,1,0.0,0,0
1026,876,202408042250,1.0904399999999999,1.09028,1.09039,1.0904200000000002,536,m5,1,1.0,,0,1,0,0.0,1,0.0,0,1
1027,877,202408042255,1.09063,1.09038,1.09063,1.09039,964,m5,1,,,0,0,0,0.0,1,0.0,0,0
1028,878,202408042300,1.09085,1.09058,1.0907799999999999,1.09063,1734,m5,1,,,0,0,0,0.0,1,0.0,0,0
1029,150,202408042300,1.091,1.09054,1.09073,1.09063,8386,m30,1,,,0,0,0,-1.0,1,0.0,0,0
1030,879,202408042305,1.09089,1.09067,1.09071,1.0907799999999999,1242,m5,1,,,0,0,0,0.0,1,0.0,0,0
1031,880,202408042310,1.09089,1.09066,1.0908,1.09071,1834,m5,1,,,0,0,0,0.0,1,0.0,0,0
1032,881,202408042315,1.09099,1.09077,1.09093,1.0908,918,m5,1,,1.0,1,0,1,1.0,1,0.0,0,0
1033,882,202408042320,1.091,1.09054,1.09067,1.09093,1250,m5,1,,,0,0,1,0.0,0,-1.0,0,0
1034,883,202408042325,1.0908,1.0906,1.09073,1.09067,1408,m5,1,,,0,0,1,0.0,0,0.0,0,0
1035,884,202408042330,1.0909799999999998,1.09061,1.09087,1.09073,2348,m5,1,,,0,0,1,0.0,0,0.0,0,0
1036,151,202408042330,1.0911,1.09061,1.09066,1.09073,4448,m30,1,,,0,0,0,0.0,1,0.0,0,0
1037,885,202408042335,1.0911,1.09087,1.0909200000000001,1.09087,1266,m5,1,,,0,0,1,0.0,0,0.0,0,0
1038,886,202408042340,1.09093,1.0906200000000001,1.09067,1.0909200000000001,1678,m5,1,,,0,0,1,0.0,0,0.0,0,0
