timestamp,instrument,timeframe,action,side,price,signal_date,details
2025-09-24T15:26:26.766435+01:00,GBP/JPY,m1,OPEN,S,199.84099999999998,202509241424,SELL signal
2025-09-24T20:12:03.882453+01:00,GBP/USD,m1,OPEN,B,1.34452,202509241909,BUY signal
2025-09-24T20:13:04.811481+01:00,GBP/USD,m1,OPEN,B,1.34452,202509241909,BUY signal
2025-09-24T20:14:04.312692+01:00,GBP/USD,m1,OPEN,B,1.34452,202509241909,BUY signal
2025-09-24T20:16:04.177114+01:00,GBP/USD,m1,OPEN,B,1.34452,202509241909,BUY signal
2025-09-24T20:44:05.123521+01:00,EUR/USD,m1,OPEN,S,1.17385,202509241941,SELL signal
2025-09-24T20:45:04.809136+01:00,EUR/USD,m1,OPEN,S,1.17385,202509241941,SELL signal
2025-09-24T20:46:04.026799+01:00,EUR/USD,m1,OPEN,S,1.17385,202509241941,SELL signal
2025-09-24T20:47:04.792434+01:00,EUR/USD,m1,OPEN,S,1.17385,202509241941,SELL signal
2025-09-24T20:48:04.281572+01:00,EUR/USD,m1,OPEN,S,1.17385,202509241941,SELL signal
2025-09-24T21:01:04.356408+01:00,EUR/USD,m1,OPEN,S,1.17387,202509241958,SELL signal
2025-09-24T21:02:05.005058+01:00,EUR/USD,m1,OPEN,S,1.17387,202509241958,SELL signal
2025-09-24T21:53:05.590074+01:00,EUR/USD,m1,OPEN,B,1.17361,202509242050,BUY signal
2025-09-24T21:54:04.055343+01:00,EUR/USD,m1,OPEN,B,1.17361,202509242050,BUY signal
2025-09-24T21:55:04.433053+01:00,EUR/USD,m1,OPEN,B,1.17361,202509242050,BUY signal
2025-09-24T21:56:04.023317+01:00,EUR/USD,m1,OPEN,B,1.17361,202509242050,BUY signal
2025-09-24T21:57:04.477550+01:00,EUR/USD,m1,OPEN,B,1.17361,202509242050,BUY signal
2025-09-24T22:06:05.252913+01:00,USD/JPY,m1,OPEN,B,148.816,202509242102,BUY signal
2025-09-24T22:10:04.012524+01:00,USD/JPY,m1,OPEN,B,148.792,202509242107,BUY signal
2025-09-24T22:11:04.757093+01:00,USD/JPY,m1,OPEN,B,148.792,202509242107,BUY signal
2025-09-24T22:12:04.324189+01:00,USD/JPY,m1,OPEN,B,148.792,202509242107,BUY signal
2025-09-24T22:13:06.710404+01:00,USD/JPY,m1,OPEN,B,148.792,202509242107,BUY signal
2025-09-24T22:14:03.553333+01:00,USD/JPY,m1,OPEN,B,148.792,202509242107,BUY signal
2025-09-24T22:24:05.265127+01:00,USD/JPY,m1,OPEN,B,148.744,202509242121,BUY signal
2025-09-24T22:25:04.510732+01:00,USD/JPY,m1,OPEN,B,148.744,202509242121,BUY signal
2025-09-24T22:26:04.736648+01:00,USD/JPY,m1,OPEN,B,148.744,202509242121,BUY signal
2025-09-24T22:27:04.845054+01:00,USD/JPY,m1,OPEN,B,148.744,202509242121,BUY signal
2025-09-24T22:46:04.868592+01:00,GBP/USD,m1,OPEN,S,1.34484,202509242143,SELL signal
2025-09-24T22:47:05.505290+01:00,GBP/USD,m1,OPEN,S,1.34484,202509242143,SELL signal
2025-09-24T22:48:04.584460+01:00,GBP/USD,m1,OPEN,S,1.34484,202509242143,SELL signal
2025-09-24T22:49:03.834393+01:00,GBP/USD,m1,OPEN,S,1.34484,202509242143,SELL signal
2025-09-24T23:02:05.630097+01:00,USD/JPY,m1,OPEN,S,148.819,202509242200,SELL signal
2025-09-24T23:03:03.464573+01:00,USD/JPY,m1,OPEN,S,148.819,202509242200,SELL signal
2025-09-24T23:04:03.443648+01:00,USD/JPY,m1,OPEN,S,148.819,202509242200,SELL signal
2025-09-24T23:10:04.191562+01:00,USD/JPY,m1,OPEN,S,148.82899999999998,202509242207,SELL signal
2025-09-24T23:10:04.854794+01:00,GBP/USD,m1,OPEN,S,1.34488,202509242207,SELL signal
2025-09-24T23:11:03.932233+01:00,GBP/USD,m1,OPEN,S,1.34488,202509242207,SELL signal
2025-09-24T23:11:04.465774+01:00,USD/JPY,m1,OPEN,S,148.82899999999998,202509242207,SELL signal
2025-09-24T23:12:04.011899+01:00,USD/JPY,m1,OPEN,S,148.82899999999998,202509242207,SELL signal
2025-09-24T23:12:04.373310+01:00,GBP/USD,m1,OPEN,S,1.34488,202509242207,SELL signal
2025-09-24T23:16:03.673946+01:00,USD/JPY,m1,OPEN,S,148.849,202509242213,SELL signal
2025-09-24T23:17:04.461613+01:00,USD/JPY,m1,OPEN,S,148.849,202509242213,SELL signal
2025-09-24T23:18:04.288229+01:00,USD/JPY,m1,OPEN,S,148.849,202509242213,SELL signal
2025-09-24T23:19:05.755833+01:00,USD/JPY,m1,OPEN,S,148.849,202509242213,SELL signal
2025-09-24T23:20:04.229919+01:00,USD/JPY,m1,OPEN,S,148.849,202509242213,SELL signal
2025-09-24T23:56:03.948255+01:00,USD/JPY,m1,OPEN,B,148.78099999999998,202509242253,BUY signal
2025-09-24T23:57:04.172941+01:00,USD/JPY,m1,OPEN,B,148.78099999999998,202509242253,BUY signal
2025-09-24T23:58:04.516638+01:00,USD/JPY,m1,OPEN,B,148.78099999999998,202509242253,BUY signal
2025-09-24T23:59:03.771512+01:00,USD/JPY,m1,OPEN,B,148.78099999999998,202509242253,BUY signal
2025-09-25T00:35:05.604941+01:00,EUR/USD,m1,OPEN,B,1.17428,202509242332,BUY signal
2025-09-25T00:36:06.235274+01:00,EUR/USD,m1,OPEN,B,1.17428,202509242332,BUY signal
2025-09-25T00:37:05.880425+01:00,EUR/USD,m1,OPEN,B,1.17428,202509242332,BUY signal
2025-09-25T00:38:05.056370+01:00,EUR/USD,m1,OPEN,B,1.17428,202509242332,BUY signal
2025-09-25T00:39:04.521769+01:00,EUR/USD,m1,OPEN,B,1.17428,202509242332,BUY signal
2025-09-25T01:01:04.042401+01:00,GBP/USD,m1,OPEN,B,1.34493,202509242359,BUY signal
2025-09-25T01:01:04.576662+01:00,EUR/USD,m1,OPEN,B,1.17421,202509242359,BUY signal
2025-09-25T01:02:04.370209+01:00,GBP/USD,m1,OPEN,B,1.34493,202509242359,BUY signal
2025-09-25T01:02:06.707713+01:00,EUR/USD,m1,OPEN,B,1.17421,202509242359,BUY signal
2025-09-25T01:03:04.924121+01:00,GBP/USD,m1,OPEN,B,1.34493,202509242359,BUY signal
2025-09-25T01:03:13.306064+01:00,EUR/USD,m1,OPEN,B,1.17421,202509242359,BUY signal
2025-09-25T01:04:05.048068+01:00,GBP/USD,m1,OPEN,B,1.34493,202509242359,BUY signal
2025-09-25T01:04:07.869924+01:00,EUR/USD,m1,OPEN,B,1.17421,202509242359,BUY signal
2025-09-25T01:05:05.095513+01:00,GBP/USD,m1,OPEN,B,1.34493,202509242359,BUY signal
2025-09-25T01:05:06.642818+01:00,EUR/USD,m1,OPEN,B,1.17421,202509242359,BUY signal
2025-09-25T01:06:04.060041+01:00,GBP/USD,m1,OPEN,B,1.34493,202509242359,BUY signal
2025-09-25T01:06:05.698988+01:00,EUR/USD,m1,OPEN,B,1.17421,202509242359,BUY signal
2025-09-25T01:14:05.912298+01:00,EUR/USD,m1,OPEN,B,1.17417,202509250012,BUY signal
2025-09-25T01:15:04.361541+01:00,EUR/USD,m1,OPEN,B,1.17417,202509250012,BUY signal
2025-09-25T01:20:04.850609+01:00,EUR/USD,m1,OPEN,B,1.1741,202509250017,BUY signal
2025-09-25T01:21:04.307023+01:00,EUR/USD,m1,OPEN,B,1.1741,202509250017,BUY signal
2025-09-25T01:24:04.088870+01:00,EUR/USD,m1,OPEN,B,1.17408,202509250021,BUY signal
2025-09-25T01:25:05.028745+01:00,EUR/USD,m1,OPEN,B,1.17408,202509250021,BUY signal
2025-09-25T01:26:06.438388+01:00,EUR/USD,m1,OPEN,B,1.17408,202509250021,BUY signal
2025-09-25T01:27:08.026571+01:00,EUR/USD,m1,OPEN,B,1.17408,202509250021,BUY signal
2025-09-25T01:28:09.545619+01:00,EUR/USD,m1,OPEN,B,1.17408,202509250021,BUY signal
2025-09-25T02:22:06.526984+01:00,USD/JPY,m1,OPEN,S,148.7,202509250120,SELL signal
2025-09-25T02:23:04.588972+01:00,EUR/USD,m1,OPEN,B,1.17419,202509250120,BUY signal
2025-09-25T02:23:06.064958+01:00,USD/JPY,m1,OPEN,S,148.7,202509250120,SELL signal
2025-09-25T02:23:06.404112+01:00,GBP/USD,m1,OPEN,B,1.34499,202509250120,BUY signal
2025-09-25T02:24:04.233985+01:00,EUR/USD,m1,OPEN,B,1.17419,202509250120,BUY signal
2025-09-25T02:24:04.647888+01:00,USD/JPY,m1,OPEN,S,148.7,202509250120,SELL signal
2025-09-25T02:24:06.981996+01:00,GBP/USD,m1,OPEN,B,1.34499,202509250120,BUY signal
2025-09-25T02:25:03.839451+01:00,USD/JPY,m1,OPEN,S,148.7,202509250120,SELL signal
2025-09-25T02:25:04.285352+01:00,GBP/USD,m1,OPEN,B,1.34499,202509250120,BUY signal
2025-09-25T02:25:04.517004+01:00,EUR/USD,m1,OPEN,B,1.17419,202509250120,BUY signal
2025-09-25T02:26:03.665662+01:00,EUR/USD,m1,OPEN,B,1.17419,202509250120,BUY signal
2025-09-25T02:26:05.008002+01:00,GBP/USD,m1,OPEN,B,1.34499,202509250120,BUY signal
2025-09-25T02:27:04.856694+01:00,EUR/USD,m1,OPEN,B,1.17419,202509250120,BUY signal
2025-09-25T02:31:04.741177+01:00,USD/JPY,m1,OPEN,S,148.744,202509250128,SELL signal
2025-09-25T02:32:04.660016+01:00,USD/JPY,m1,OPEN,S,148.744,202509250128,SELL signal
2025-09-25T02:33:04.279271+01:00,USD/JPY,m1,OPEN,S,148.744,202509250128,SELL signal
2025-09-25T02:33:05.496493+01:00,GBP/USD,m1,OPEN,B,1.34495,202509250130,BUY signal
2025-09-25T02:34:04.567027+01:00,USD/JPY,m1,OPEN,S,148.744,202509250128,SELL signal
2025-09-25T02:35:04.091967+01:00,USD/JPY,m1,OPEN,S,148.744,202509250128,SELL signal
2025-09-25T02:35:06.804533+01:00,GBP/USD,m1,OPEN,B,1.34495,202509250130,BUY signal
2025-09-25T02:36:05.788267+01:00,GBP/USD,m1,OPEN,B,1.34495,202509250130,BUY signal
2025-09-25T02:37:05.148483+01:00,GBP/USD,m1,OPEN,B,1.34495,202509250130,BUY signal
2025-09-25T03:53:26.378630+01:00,EUR/USD,m1,OPEN,B,,2025-09-24 22:53:26.375474,TEST BUY signal - manual test
2025-09-25T04:00:12.128333+01:00,GBP/USD,m1,OPEN,S,,2025-09-24 23:00:12.126340,TEST SELL signal - manual test 2
2025-09-25T04:01:02.050808+01:00,EUR/USD,m1,CLOSE,S,,,TradeID=69090437
2025-09-25T04:05:04.536783+01:00,USD/JPY,m1,OPEN,S,148.774,202509250302,SELL signal
2025-12-10T15:22:17.349837+00:00,GBP/USD,m1,OPEN,B,1.33225,202512101520,BUY signal
2025-12-10T15:41:11.633402+00:00,EUR/USD,m1,OPEN,B,1.16373,202512101539,BUY signal
2025-12-10T15:57:16.960516+00:00,USD/JPY,m1,OPEN,S,156.524,202512101555,SELL signal
2025-12-10T16:15:16.669083+00:00,GBP/USD,m1,CLOSE,B,,,TradeID=69135897
2025-12-10T16:15:16.671910+00:00,GBP/USD,m1,OPEN,S,1.3325,202512101613,SELL signal
2025-12-10T16:15:16.680579+00:00,GBP/USD,m1,CLOSE,B,,,TradeID=69135897
2025-12-10T16:28:11.313596+00:00,GBP/USD,m1,OPEN,S,1.33354,202512101626,SELL signal
2025-12-10T18:37:05.951871+00:00,GBP/USD,m1,OPEN,B,1.33385,202512101834,BUY signal
2025-12-10T19:01:16.934109+00:00,GBP/USD,m1,OPEN,B,1.33315,202512101858,BUY signal
2025-12-10T19:02:11.562447+00:00,USD/JPY,m1,OPEN,B,156.167,202512101900,BUY signal
2025-12-10T19:43:11.380836+00:00,EUR/USD,m1,OPEN,B,1.16507,202512101940,BUY signal
2025-12-10T19:43:16.828857+00:00,USD/JPY,m1,OPEN,S,156.617,202512101941,SELL signal
2025-12-10T19:45:17.251374+00:00,GBP/USD,m1,OPEN,B,1.3327499999999999,202512101943,BUY signal
2025-12-10T20:11:11.635266+00:00,USD/JPY,m1,OPEN,B,155.869,202512102009,BUY signal
2025-12-10T20:18:16.725258+00:00,USD/JPY,m1,OPEN,B,155.803,202512102016,BUY signal
2025-12-10T21:34:11.973816+00:00,GBP/USD,m1,OPEN,B,1.33803,202512102132,BUY signal
2025-12-10T21:34:17.479582+00:00,USD/JPY,m1,CLOSE,B,,,TradeID=69136360
2025-12-10T21:34:17.481946+00:00,USD/JPY,m1,OPEN,S,156.078,202512102132,SELL signal
2025-12-10T21:34:17.489282+00:00,USD/JPY,m1,CLOSE,B,,,TradeID=69136360
2025-12-10T22:08:16.828982+00:00,EUR/USD,m1,OPEN,B,1.16874,202512102205,BUY signal
2025-12-11T01:01:38.779641+00:00,USD/JPY,m1,OPEN,S,155.87699999999998,202512110056,SELL signal
2025-12-11T02:00:11.353454+00:00,GBP/USD,m1,OPEN,B,1.33803,202512110158,BUY signal
2025-12-11T02:00:16.646272+00:00,USD/JPY,m1,OPEN,S,155.733,202512110158,SELL signal
2025-12-11T02:01:11.650562+00:00,EUR/USD,m1,OPEN,B,1.17003,202512110158,BUY signal
2025-12-11T03:41:16.950785+00:00,USD/JPY,m1,CLOSE,S,,,TradeID=69136505
2025-12-11T03:41:16.954785+00:00,USD/JPY,m1,OPEN,B,155.65099999999998,202512110339,BUY signal
2025-12-11T03:41:16.963381+00:00,USD/JPY,m1,CLOSE,S,,,TradeID=69136505
2025-12-11T04:27:16.998075+00:00,USD/JPY,m1,CLOSE,B,,,TradeID=69136543
2025-12-11T04:27:17.000741+00:00,USD/JPY,m1,OPEN,S,155.78699999999998,202512110425,SELL signal
2025-12-11T04:27:17.008330+00:00,USD/JPY,m1,CLOSE,B,,,TradeID=69136543
2025-12-11T05:05:16.483639+00:00,EUR/USD,m1,OPEN,S,1.16917,202512110503,SELL signal
2025-12-11T06:46:11.261317+00:00,GBP/USD,m1,OPEN,S,1.33662,202512110644,SELL signal
2025-12-11T06:56:11.375557+00:00,USD/JPY,m1,OPEN,B,155.982,202512110654,BUY signal
2025-12-11T07:20:11.140470+00:00,USD/JPY,m1,OPEN,B,155.921,202512110717,BUY signal
2025-12-11T07:29:16.729374+00:00,GBP/USD,m1,OPEN,S,1.33787,202512110727,SELL signal
2025-12-11T08:03:05.634324+00:00,USD/JPY,m1,CLOSE,B,,,TradeID=69136641
2025-12-11T08:03:05.637335+00:00,USD/JPY,m1,OPEN,S,156.03199999999998,202512110800,SELL signal
2025-12-11T08:03:05.644591+00:00,USD/JPY,m1,CLOSE,B,,,TradeID=69136641
2025-12-11T08:03:11.120298+00:00,GBP/USD,m1,CLOSE,S,,,TradeID=69136661
2025-12-11T08:03:11.122797+00:00,GBP/USD,m1,OPEN,B,1.33672,202512110801,BUY signal
2025-12-11T08:03:11.131183+00:00,GBP/USD,m1,CLOSE,S,,,TradeID=69136661
2025-12-11T08:33:11.668952+00:00,USD/JPY,m1,CLOSE,S,,,TradeID=69136676
2025-12-11T08:33:11.672641+00:00,USD/JPY,m1,OPEN,B,155.87099999999998,202512110831,BUY signal
2025-12-11T08:33:11.679069+00:00,USD/JPY,m1,CLOSE,S,,,TradeID=69136676
2025-12-11T09:03:05.869087+00:00,EUR/USD,m1,OPEN,B,1.16958,202512110901,BUY signal
2025-12-11T09:13:05.891387+00:00,USD/JPY,m1,CLOSE,B,,,TradeID=69136697
2025-12-11T09:13:05.895251+00:00,USD/JPY,m1,OPEN,S,155.999,202512110911,SELL signal
2025-12-11T09:13:05.902311+00:00,USD/JPY,m1,CLOSE,B,,,TradeID=69136697
2025-12-11T09:18:05.956778+00:00,GBP/USD,m1,OPEN,B,1.33578,202512110916,BUY signal
2025-12-11T09:52:16.450177+00:00,EUR/USD,m1,CLOSE,B,,,TradeID=69136710
2025-12-11T09:52:16.451539+00:00,EUR/USD,m1,OPEN,S,1.17012,202512110949,SELL signal
2025-12-11T09:52:16.461600+00:00,EUR/USD,m1,CLOSE,B,,,TradeID=69136710
2025-12-11T09:57:05.907090+00:00,GBP/USD,m1,CLOSE,B,,,TradeID=69136718
2025-12-11T09:57:05.910908+00:00,GBP/USD,m1,OPEN,S,1.33717,202512110955,SELL signal
2025-12-11T09:57:05.918942+00:00,GBP/USD,m1,CLOSE,B,,,TradeID=69136718
2025-12-11T09:58:16.703597+00:00,USD/JPY,m1,CLOSE,S,,,TradeID=69136713
2025-12-11T09:58:16.706596+00:00,USD/JPY,m1,OPEN,B,155.851,202512110955,BUY signal
2025-12-11T09:58:16.714585+00:00,USD/JPY,m1,CLOSE,S,,,TradeID=69136713
2025-12-11T10:47:11.351359+00:00,USD/JPY,m1,CLOSE,B,,,TradeID=69136737
2025-12-11T10:47:11.354407+00:00,USD/JPY,m1,OPEN,S,155.944,202512111045,SELL signal
2025-12-11T10:47:11.360967+00:00,USD/JPY,m1,CLOSE,B,,,TradeID=69136737
2025-12-11T12:04:11.588419+00:00,EUR/USD,m1,OPEN,B,1.17099,202512111202,BUY signal
2025-12-11T14:58:11.747158+00:00,EUR/USD,m1,OPEN,B,1.17356,202512111456,BUY signal
2025-12-11T14:58:17.492526+00:00,GBP/USD,m1,OPEN,B,1.34142,202512111456,BUY signal
2025-12-11T15:20:16.534261+00:00,USD/JPY,m1,OPEN,S,155.158,202512111518,SELL signal
2025-12-11T16:30:05.942493+00:00,USD/JPY,m1,OPEN,S,155.286,202512111627,SELL signal
2025-12-12T03:38:16.261174+00:00,GBP/USD,m1,OPEN,S,1.33928,202512120336,SELL signal
2025-12-12T04:53:17.561113+00:00,EUR/USD,m1,CLOSE,B,,,TradeID=69136954
2025-12-12T04:53:17.563677+00:00,EUR/USD,m1,OPEN,S,1.17353,202512120451,SELL signal
2025-12-12T04:53:17.574720+00:00,EUR/USD,m1,CLOSE,B,,,TradeID=69136954
2025-12-12T05:01:05.965476+00:00,GBP/USD,m1,CLOSE,S,,,TradeID=69137298
2025-12-12T05:01:05.968870+00:00,GBP/USD,m1,OPEN,B,1.33887,202512120459,BUY signal
2025-12-12T05:01:05.975251+00:00,GBP/USD,m1,CLOSE,S,,,TradeID=69137298
2025-12-12T05:39:06.071340+00:00,USD/JPY,m1,OPEN,B,155.697,202512120537,BUY signal
2025-12-12T05:45:11.265541+00:00,GBP/USD,m1,CLOSE,B,,,TradeID=69137336
2025-12-12T05:45:11.268837+00:00,GBP/USD,m1,OPEN,S,1.33952,202512120543,SELL signal
2025-12-12T05:45:11.276103+00:00,GBP/USD,m1,CLOSE,B,,,TradeID=69137336
2025-12-12T06:25:16.812312+00:00,USD/JPY,m1,CLOSE,B,,,TradeID=69137375
2025-12-12T06:25:16.815786+00:00,USD/JPY,m1,OPEN,S,155.77499999999998,202512120623,SELL signal
2025-12-12T06:25:16.822426+00:00,USD/JPY,m1,CLOSE,B,,,TradeID=69137375
2025-12-12T06:37:05.797449+00:00,GBP/USD,m1,CLOSE,S,,,TradeID=69137377
2025-12-12T06:37:05.801765+00:00,GBP/USD,m1,OPEN,B,1.33934,202512120634,BUY signal
2025-12-12T06:37:05.810416+00:00,GBP/USD,m1,CLOSE,S,,,TradeID=69137377
2025-12-12T06:42:16.756034+00:00,EUR/USD,m1,CLOSE,S,,,TradeID=69137334
2025-12-12T06:42:16.758873+00:00,EUR/USD,m1,OPEN,B,1.17341,202512120640,BUY signal
2025-12-12T06:42:16.765608+00:00,EUR/USD,m1,CLOSE,S,,,TradeID=69137334
2025-12-12T07:02:16.947510+00:00,USD/JPY,m1,CLOSE,S,,,TradeID=69137422
2025-12-12T07:02:16.950474+00:00,USD/JPY,m1,OPEN,B,155.643,202512120700,BUY signal
2025-12-12T07:02:16.956801+00:00,USD/JPY,m1,CLOSE,S,,,TradeID=69137422
2025-12-12T07:05:11.224465+00:00,GBP/USD,m1,OPEN,B,1.3375,202512120702,BUY signal
2025-12-12T07:18:11.453265+00:00,USD/JPY,m1,OPEN,B,155.589,202512120715,BUY signal
2025-12-12T08:16:11.213301+00:00,USD/JPY,m1,CLOSE,B,,,TradeID=69137437
2025-12-12T08:16:11.218108+00:00,USD/JPY,m1,OPEN,S,155.78,202512120814,SELL signal
2025-12-12T08:16:11.226116+00:00,USD/JPY,m1,CLOSE,B,,,TradeID=69137437
2025-12-12T09:52:05.917642+00:00,EUR/USD,m1,CLOSE,B,,,TradeID=69137427
2025-12-12T09:52:05.920624+00:00,EUR/USD,m1,OPEN,S,1.17341,202512120949,SELL signal
2025-12-12T09:52:05.928539+00:00,EUR/USD,m1,CLOSE,B,,,TradeID=69137427
2025-12-12T09:58:11.209833+00:00,GBP/USD,m1,CLOSE,B,,,TradeID=69137434
2025-12-12T09:58:11.212347+00:00,GBP/USD,m1,OPEN,S,1.33856,202512120955,SELL signal
2025-12-12T09:58:11.218705+00:00,GBP/USD,m1,CLOSE,B,,,TradeID=69137434
2025-12-12T12:03:11.280489+00:00,USD/JPY,m1,OPEN,B,155.909,202512121200,BUY signal
2025-12-15T13:36:13.698764+00:00,USD/JPY,m1,OPEN,B,154.981,202512151334,BUY signal
2025-12-15T13:58:06.395457+00:00,EUR/USD,m1,OPEN,B,1.17474,202512151355,BUY signal
2025-12-15T14:03:13.050226+00:00,GBP/USD,m1,OPEN,B,1.33841,202512151400,BUY signal
2025-12-15T14:45:13.655080+00:00,EUR/USD,m1,CLOSE,B,,,TradeID=69139196
2025-12-15T14:45:13.665674+00:00,EUR/USD,m1,OPEN,S,1.17582,202512151443,SELL signal
2025-12-15T14:45:13.685589+00:00,EUR/USD,m1,CLOSE,B,,,TradeID=69139196
2025-12-15T14:48:13.735391+00:00,USD/JPY,m1,OPEN,B,154.86499999999998,202512151446,BUY signal
2025-12-15T14:49:13.741726+00:00,GBP/USD,m1,CLOSE,B,,,TradeID=69139214
2025-12-15T14:49:13.745357+00:00,GBP/USD,m1,OPEN,S,1.34008,202512151447,SELL signal
2025-12-15T14:49:13.751546+00:00,GBP/USD,m1,CLOSE,B,,,TradeID=69139214
2025-12-15T15:21:12.931166+00:00,USD/JPY,m1,CLOSE,B,,,TradeID=69139269
2025-12-15T15:21:12.946972+00:00,USD/JPY,m1,OPEN,S,155.07399999999998,202512151519,SELL signal
2025-12-15T15:21:12.991439+00:00,USD/JPY,m1,CLOSE,B,,,TradeID=69139269
2025-12-15T15:21:13.828148+00:00,GBP/USD,m1,CLOSE,S,,,TradeID=69139272
2025-12-15T15:21:13.831141+00:00,GBP/USD,m1,OPEN,B,1.33825,202512151519,BUY signal
2025-12-15T15:21:13.837261+00:00,GBP/USD,m1,CLOSE,S,,,TradeID=69139272
2025-12-15T16:03:09.582609+00:00,USD/JPY,m1,OPEN,S,155.19,202512151601,SELL signal
2025-12-15T16:36:08.989791+00:00,GBP/USD,m1,OPEN,B,1.33774,202512151634,BUY signal
2025-12-15T19:56:07.561008+00:00,USD/JPY,m1,OPEN,B,155.248,202512151954,BUY signal
2025-12-16T00:53:12.390991+00:00,USD/JPY,m1,OPEN,S,155.07399999999998,202512160051,SELL signal
2025-12-16T01:42:07.517984+00:00,USD/JPY,m1,CLOSE,S,,,TradeID=69139589
2025-12-16T01:42:07.534396+00:00,USD/JPY,m1,OPEN,B,154.884,202512160140,BUY signal
2025-12-16T01:42:07.571261+00:00,USD/JPY,m1,CLOSE,S,,,TradeID=69139589
2025-12-16T03:38:07.474218+00:00,USD/JPY,m1,OPEN,S,154.886,202512160336,SELL signal
2025-12-16T07:03:12.531722+00:00,GBP/USD,m1,OPEN,S,1.33759,202512160701,SELL signal
2025-12-16T08:05:13.298853+00:00,EUR/USD,m1,OPEN,S,1.17581,202512160803,SELL signal
2025-12-16T08:21:13.274867+00:00,USD/JPY,m1,CLOSE,S,,,TradeID=69139650
2025-12-16T08:21:13.277938+00:00,USD/JPY,m1,OPEN,B,154.846,202512160819,BUY signal
2025-12-16T08:21:13.284926+00:00,USD/JPY,m1,CLOSE,S,,,TradeID=69139650
2025-12-16T10:36:11.540584+00:00,USD/JPY,m1,CLOSE,B,,,TradeID=69139855
2025-12-16T10:36:11.557024+00:00,USD/JPY,m1,OPEN,S,154.903,202512161034,SELL signal
2025-12-16T10:36:11.585756+00:00,USD/JPY,m1,CLOSE,B,,,TradeID=69139855
2025-12-16T11:38:12.234970+00:00,USD/JPY,m1,CLOSE,S,,,TradeID=69140053
2025-12-16T11:38:12.257511+00:00,USD/JPY,m1,OPEN,B,154.833,202512161135,BUY signal
2025-12-16T11:38:12.296802+00:00,USD/JPY,m1,CLOSE,S,,,TradeID=69140053
2025-12-16T13:37:12.451027+00:00,USD/JPY,m1,OPEN,S,154.777,202512161335,SELL signal
2025-12-16T13:40:05.884128+00:00,GBP/USD,m1,OPEN,B,1.34268,202512161338,BUY signal
2025-12-16T13:43:12.835691+00:00,GBP/USD,m1,OPEN,B,1.34212,202512161341,BUY signal
2025-12-16T13:46:05.789835+00:00,EUR/USD,m1,OPEN,B,1.17634,202512161344,BUY signal
2025-12-16T13:46:11.746197+00:00,USD/JPY,m1,OPEN,S,154.844,202512161344,SELL signal
2025-12-16T13:46:12.932530+00:00,GBP/USD,m1,OPEN,B,1.34146,202512161344,BUY signal
2025-12-16T14:35:12.090005+00:00,GBP/USD,m1,CLOSE,B,,,TradeID=69140124
2025-12-16T14:35:12.105035+00:00,GBP/USD,m1,OPEN,S,1.34354,202512161433,SELL signal
2025-12-16T14:35:12.140762+00:00,GBP/USD,m1,CLOSE,B,,,TradeID=69140124
2025-12-16T15:15:06.167948+00:00,GBP/USD,m1,OPEN,B,1.34224,202512161513,BUY signal
2025-12-16T15:22:14.127878+00:00,GBP/USD,m1,OPEN,B,1.34084,202512161520,BUY signal
2025-12-16T15:27:13.761976+00:00,EUR/USD,m1,OPEN,B,1.17777,202512161525,BUY signal
2025-12-16T15:58:06.282922+00:00,EUR/USD,m1,OPEN,B,1.17691,202512161556,BUY signal
2025-12-16T16:15:05.647017+00:00,GBP/USD,m1,CLOSE,B,,,TradeID=69140186
2025-12-16T16:15:05.667640+00:00,GBP/USD,m1,OPEN,S,1.34237,202512161613,SELL signal
2025-12-16T16:15:05.705126+00:00,GBP/USD,m1,CLOSE,B,,,TradeID=69140186
2025-12-16T17:35:13.011419+00:00,USD/JPY,m1,OPEN,B,154.601,202512161733,BUY signal
2025-12-16T18:06:06.315524+00:00,EUR/USD,m1,OPEN,B,1.17575,202512161804,BUY signal
2025-12-16T18:06:12.699894+00:00,GBP/USD,m1,OPEN,B,1.34193,202512161804,BUY signal
2025-12-16T19:43:11.451138+00:00,GBP/USD,m1,OPEN,S,1.34284,202512161941,SELL signal
2025-12-16T19:45:12.469682+00:00,EUR/USD,m1,OPEN,S,1.17588,202512161943,SELL signal
2025-12-16T20:33:10.000213+00:00,USD/JPY,m1,CLOSE,B,,,TradeID=69140268
2025-12-16T20:33:10.015473+00:00,USD/JPY,m1,OPEN,S,154.695,202512162031,SELL signal
2025-12-16T20:33:10.049729+00:00,USD/JPY,m1,CLOSE,B,,,TradeID=69140268
2025-12-16T21:02:05.788378+00:00,USD/JPY,m1,OPEN,S,154.831,202512162100,SELL signal
2025-12-16T21:03:12.728029+00:00,GBP/USD,m1,CLOSE,S,,,TradeID=69140417
2025-12-16T21:03:12.731396+00:00,GBP/USD,m1,OPEN,B,1.34218,202512162101,BUY signal
2025-12-16T21:03:12.738148+00:00,GBP/USD,m1,CLOSE,S,,,TradeID=69140417
2025-12-22T02:43:33.194758+00:00,USD/JPY,m1,OPEN,S,157.37099999999998,202512220241,SELL signal
2025-12-22T02:51:34.465622+00:00,GBP/USD,m1,OPEN,B,1.33916,202512220249,BUY signal
2025-12-22T03:05:06.360958+00:00,EUR/USD,m1,OPEN,B,1.17151,202512220302,BUY signal
2025-12-22T03:50:15.335876+00:00,GBP/USD,m1,CLOSE,B,,,TradeID=69143436
2025-12-22T03:50:15.346859+00:00,GBP/USD,m1,OPEN,S,1.3397,202512220348,SELL signal
2025-12-22T03:50:15.354903+00:00,GBP/USD,m1,CLOSE,B,,,TradeID=69143436
2025-12-22T03:52:14.559491+00:00,EUR/USD,m1,CLOSE,B,,,TradeID=69143442
2025-12-22T03:52:14.569298+00:00,EUR/USD,m1,OPEN,S,1.17175,202512220348,SELL signal
2025-12-22T03:52:14.589739+00:00,EUR/USD,m1,CLOSE,B,,,TradeID=69143442
2025-12-22T03:55:15.463665+00:00,USD/JPY,m1,CLOSE,S,,,TradeID=69143434
2025-12-22T03:55:15.483903+00:00,USD/JPY,m1,OPEN,B,157.285,202512220353,BUY signal
2025-12-22T03:55:15.526822+00:00,USD/JPY,m1,CLOSE,S,,,TradeID=69143434
2025-12-22T04:01:16.402339+00:00,GBP/USD,m1,CLOSE,S,,,TradeID=69143454
2025-12-22T04:01:16.406339+00:00,GBP/USD,m1,OPEN,B,1.33927,202512220358,BUY signal
2025-12-22T04:01:16.414418+00:00,GBP/USD,m1,CLOSE,S,,,TradeID=69143454
2025-12-22T04:50:14.643123+00:00,GBP/USD,m1,CLOSE,B,,,TradeID=69143461
2025-12-22T04:50:14.647544+00:00,GBP/USD,m1,OPEN,S,1.34008,202512220448,SELL signal
2025-12-22T04:50:14.654860+00:00,GBP/USD,m1,CLOSE,B,,,TradeID=69143461
2025-12-22T05:09:13.649145+00:00,USD/JPY,m1,CLOSE,B,,,TradeID=69143457
2025-12-22T05:09:13.661557+00:00,USD/JPY,m1,OPEN,S,157.39,202512220506,SELL signal
2025-12-22T05:09:13.702074+00:00,USD/JPY,m1,CLOSE,B,,,TradeID=69143457
2025-12-22T05:39:15.954802+00:00,GBP/USD,m1,CLOSE,S,,,TradeID=69143490
2025-12-22T05:39:15.967047+00:00,GBP/USD,m1,OPEN,B,1.33983,202512220536,BUY signal
2025-12-22T05:39:16.007416+00:00,GBP/USD,m1,CLOSE,S,,,TradeID=69143490
2025-12-22T05:45:15.381206+00:00,EUR/USD,m1,OPEN,B,1.17159,202512220542,BUY signal
2025-12-22T06:20:11.309301+00:00,USD/JPY,m1,CLOSE,S,,,TradeID=69143525
2025-12-22T06:20:11.320207+00:00,USD/JPY,m1,OPEN,B,157.284,202512220618,BUY signal
2025-12-22T06:20:11.346197+00:00,USD/JPY,m1,CLOSE,S,,,TradeID=69143525
2025-12-22T06:39:15.605809+00:00,GBP/USD,m1,OPEN,B,1.33931,202512220637,BUY signal
2025-12-22T06:55:13.823092+00:00,USD/JPY,m1,CLOSE,B,,,TradeID=69143608
2025-12-22T06:55:13.841587+00:00,USD/JPY,m1,OPEN,S,157.429,202512220653,SELL signal
2025-12-22T06:55:13.876387+00:00,USD/JPY,m1,CLOSE,B,,,TradeID=69143608
2025-12-22T07:03:16.412658+00:00,GBP/USD,m1,CLOSE,B,,,TradeID=69143613
2025-12-22T07:03:16.421704+00:00,GBP/USD,m1,OPEN,S,1.34017,202512220701,SELL signal
2025-12-22T07:03:16.441707+00:00,GBP/USD,m1,CLOSE,B,,,TradeID=69143613
2025-12-22T07:23:15.516201+00:00,EUR/USD,m1,CLOSE,B,,,TradeID=69143600
2025-12-22T07:23:15.544394+00:00,EUR/USD,m1,OPEN,S,1.17194,202512220721,SELL signal
2025-12-22T07:23:15.580254+00:00,EUR/USD,m1,CLOSE,B,,,TradeID=69143600
2025-12-22T07:29:16.463150+00:00,GBP/USD,m1,OPEN,S,1.3405,202512220726,SELL signal
2025-12-22T07:40:10.608685+00:00,EUR/USD,m1,OPEN,S,1.17241,202512220737,SELL signal
2025-12-22T07:59:15.848510+00:00,EUR/USD,m1,OPEN,S,1.17304,202512220757,SELL signal
2025-12-22T09:26:10.866910+00:00,GBP/USD,m1,OPEN,B,1.34106,202512220923,BUY signal
2025-12-22T09:36:14.407435+00:00,USD/JPY,m1,CLOSE,S,,,TradeID=69143617
2025-12-22T09:36:14.429656+00:00,USD/JPY,m1,OPEN,B,157.43699999999998,202512220933,BUY signal
2025-12-22T09:36:14.472855+00:00,USD/JPY,m1,CLOSE,S,,,TradeID=69143617
2025-12-22T09:56:07.786365+00:00,GBP/USD,m1,OPEN,S,1.34239,202512220954,SELL signal
2025-12-22T10:10:14.868440+00:00,EUR/USD,m1,OPEN,S,1.17356,202512221008,SELL signal
2025-12-22T10:14:14.687724+00:00,GBP/USD,m1,OPEN,S,1.34337,202512221012,SELL signal
2025-12-22T10:59:16.073852+00:00,EUR/USD,m1,CLOSE,S,,,TradeID=69143716
2025-12-22T10:59:16.100298+00:00,EUR/USD,m1,OPEN,B,1.17304,202512221057,BUY signal
2025-12-22T10:59:16.143452+00:00,EUR/USD,m1,CLOSE,S,,,TradeID=69143716
2025-12-22T11:45:11.920946+00:00,USD/JPY,m1,CLOSE,B,,,TradeID=69143707
2025-12-22T11:45:11.932289+00:00,USD/JPY,m1,OPEN,S,157.42,202512221142,SELL signal
2025-12-22T11:45:11.963084+00:00,USD/JPY,m1,CLOSE,B,,,TradeID=69143707
2025-12-22T12:04:15.129728+00:00,GBP/USD,m1,OPEN,S,1.34418,202512221202,SELL signal
2025-12-22T12:21:15.751875+00:00,GBP/USD,m1,OPEN,B,1.34317,202512221219,BUY signal
2025-12-22T12:41:15.885515+00:00,GBP/USD,m1,OPEN,B,1.34277,202512221239,BUY signal
2025-12-22T13:02:14.618000+00:00,USD/JPY,m1,CLOSE,S,,,TradeID=69143760
2025-12-22T13:02:14.620998+00:00,USD/JPY,m1,OPEN,B,157.362,202512221300,BUY signal
2025-12-22T13:02:14.628790+00:00,USD/JPY,m1,CLOSE,S,,,TradeID=69143760
2025-12-22T13:08:14.734551+00:00,EUR/USD,m1,OPEN,S,1.17458,202512221306,SELL signal
2025-12-22T13:10:09.360955+00:00,GBP/USD,m1,CLOSE,B,,,TradeID=69143783
2025-12-22T13:10:09.376707+00:00,GBP/USD,m1,OPEN,S,1.34369,202512221308,SELL signal
2025-12-22T13:10:09.408429+00:00,GBP/USD,m1,CLOSE,B,,,TradeID=69143783
2025-12-22T14:05:14.470915+00:00,GBP/USD,m1,OPEN,B,1.34318,202512221403,BUY signal
2025-12-22T14:08:13.388243+00:00,EUR/USD,m1,OPEN,B,1.17453,202512221406,BUY signal
2025-12-22T15:17:15.074100+00:00,USD/JPY,m1,CLOSE,B,,,TradeID=69143789
2025-12-22T15:17:15.091884+00:00,USD/JPY,m1,OPEN,S,157.10399999999998,202512221515,SELL signal
2025-12-22T15:17:15.134494+00:00,USD/JPY,m1,CLOSE,B,,,TradeID=69143789
2025-12-22T15:17:16.127728+00:00,GBP/USD,m1,OPEN,B,1.34453,202512221515,BUY signal
2025-12-22T15:59:15.545686+00:00,USD/JPY,m1,CLOSE,S,,,TradeID=69143892
2025-12-22T15:59:15.558331+00:00,USD/JPY,m1,OPEN,B,156.93699999999998,202512221557,BUY signal
2025-12-22T15:59:15.585146+00:00,USD/JPY,m1,CLOSE,S,,,TradeID=69143892
2025-12-22T16:28:14.624360+00:00,EUR/USD,m1,OPEN,B,1.17563,202512221626,BUY signal
2025-12-22T16:40:08.691278+00:00,GBP/USD,m1,OPEN,B,1.34476,202512221637,BUY signal
2025-12-22T16:43:15.516891+00:00,EUR/USD,m1,OPEN,B,1.17522,202512221641,BUY signal
2025-12-22T16:54:14.610653+00:00,EUR/USD,m1,OPEN,B,1.17488,202512221652,BUY signal
2025-12-22T17:35:14.989668+00:00,EUR/USD,m1,OPEN,S,1.17612,202512221733,SELL signal
2025-12-22T18:07:15.125754+00:00,USD/JPY,m1,CLOSE,B,,,TradeID=69143905
2025-12-22T18:07:15.154533+00:00,USD/JPY,m1,OPEN,S,156.917,202512221805,SELL signal
2025-12-22T18:07:15.208879+00:00,USD/JPY,m1,CLOSE,B,,,TradeID=69143905
2025-12-22T18:10:14.392758+00:00,GBP/USD,m1,OPEN,B,1.3459699999999999,202512221808,BUY signal
2025-12-22T18:11:15.190042+00:00,EUR/USD,m1,CLOSE,S,,,TradeID=69143956
2025-12-22T18:11:15.200414+00:00,EUR/USD,m1,OPEN,B,1.17518,202512221808,BUY signal
2025-12-22T18:11:15.221192+00:00,EUR/USD,m1,CLOSE,S,,,TradeID=69143956
2025-12-22T18:59:15.519962+00:00,EUR/USD,m1,CLOSE,B,,,TradeID=69143986
2025-12-22T18:59:15.522971+00:00,EUR/USD,m1,OPEN,S,1.1754499999999999,202512221856,SELL signal
2025-12-22T18:59:15.530374+00:00,EUR/USD,m1,CLOSE,B,,,TradeID=69143986
2025-12-22T19:21:14.358135+00:00,EUR/USD,m1,CLOSE,S,,,TradeID=69144016
2025-12-22T19:21:14.414570+00:00,EUR/USD,m1,OPEN,B,1.17493,202512221918,BUY signal
2025-12-22T19:21:14.478213+00:00,EUR/USD,m1,CLOSE,S,,,TradeID=69144016
2025-12-22T19:38:08.609926+00:00,EUR/USD,m1,CLOSE,B,,,TradeID=69144028
2025-12-22T19:38:08.619064+00:00,EUR/USD,m1,OPEN,S,1.17546,202512221935,SELL signal
2025-12-22T19:38:08.654289+00:00,EUR/USD,m1,CLOSE,B,,,TradeID=69144028
2025-12-22T19:50:13.195069+00:00,GBP/USD,m1,OPEN,B,1.34565,202512221948,BUY signal
2025-12-22T20:00:13.498007+00:00,USD/JPY,m1,CLOSE,S,,,TradeID=69143983
2025-12-22T20:00:13.513992+00:00,USD/JPY,m1,OPEN,B,156.89999999999998,202512221958,BUY signal
2025-12-22T20:00:13.552343+00:00,USD/JPY,m1,CLOSE,S,,,TradeID=69143983
2025-12-22T20:45:14.901152+00:00,GBP/USD,m1,CLOSE,B,,,TradeID=69144044
2025-12-22T20:45:14.931703+00:00,GBP/USD,m1,OPEN,S,1.34627,202512222043,SELL signal
2025-12-22T20:45:14.988930+00:00,GBP/USD,m1,CLOSE,B,,,TradeID=69144044
2025-12-22T20:59:15.894048+00:00,USD/JPY,m1,CLOSE,B,,,TradeID=69144050
2025-12-22T20:59:15.897203+00:00,USD/JPY,m1,OPEN,S,157.005,202512222057,SELL signal
2025-12-22T20:59:15.906327+00:00,USD/JPY,m1,CLOSE,B,,,TradeID=69144050
2025-12-22T21:07:15.320537+00:00,GBP/USD,m1,CLOSE,S,,,TradeID=69144067
2025-12-22T21:07:15.324528+00:00,GBP/USD,m1,OPEN,B,1.34565,202512222105,BUY signal
2025-12-22T21:07:15.331958+00:00,GBP/USD,m1,CLOSE,S,,,TradeID=69144067
2025-12-22T21:30:08.459460+00:00,EUR/USD,m1,OPEN,S,1.17603,202512222127,SELL signal
2025-12-22T22:06:14.216532+00:00,USD/JPY,m1,CLOSE,S,,,TradeID=69144071
2025-12-22T22:06:14.218962+00:00,USD/JPY,m1,OPEN,B,156.957,202512222200,BUY signal
2025-12-22T22:06:14.226476+00:00,USD/JPY,m1,CLOSE,S,,,TradeID=69144071
2025-12-22T22:08:12.696061+00:00,EUR/USD,m1,CLOSE,S,,,TradeID=69144100
2025-12-22T22:08:12.714725+00:00,EUR/USD,m1,OPEN,B,1.17536,202512222205,BUY signal
2025-12-22T22:08:12.750245+00:00,EUR/USD,m1,CLOSE,S,,,TradeID=69144100
2025-12-22T22:59:14.621363+00:00,GBP/USD,m1,CLOSE,B,,,TradeID=69144076
2025-12-22T22:59:14.656614+00:00,GBP/USD,m1,OPEN,S,1.34623,202512222256,SELL signal
2025-12-22T22:59:14.722879+00:00,GBP/USD,m1,CLOSE,B,,,TradeID=69144076
2025-12-22T23:03:09.264905+00:00,EUR/USD,m1,CLOSE,B,,,TradeID=69144111
2025-12-22T23:03:09.280081+00:00,EUR/USD,m1,OPEN,S,1.1762,202512222300,SELL signal
2025-12-22T23:03:09.308049+00:00,EUR/USD,m1,CLOSE,B,,,TradeID=69144111
2025-12-23T00:08:14.557470+00:00,GBP/USD,m1,OPEN,S,1.34749,202512230006,SELL signal
2025-12-23T00:35:15.110463+00:00,EUR/USD,m1,OPEN,S,1.17683,202512230033,SELL signal
2025-12-23T00:58:15.068544+00:00,GBP/USD,m1,CLOSE,S,,,TradeID=69144155
2025-12-23T00:58:15.071543+00:00,GBP/USD,m1,OPEN,B,1.34718,202512230056,BUY signal
2025-12-23T00:58:15.080191+00:00,GBP/USD,m1,CLOSE,S,,,TradeID=69144155
2025-12-23T01:07:14.310001+00:00,EUR/USD,m1,CLOSE,S,,,TradeID=69144163
2025-12-23T01:07:14.337900+00:00,EUR/USD,m1,OPEN,B,1.17662,202512230104,BUY signal
2025-12-23T01:07:14.387518+00:00,EUR/USD,m1,CLOSE,S,,,TradeID=69144163
2025-12-23T01:16:14.124468+00:00,EUR/USD,m1,CLOSE,B,,,TradeID=69144172
2025-12-23T01:16:14.132519+00:00,EUR/USD,m1,OPEN,S,1.17705,202512230114,SELL signal
2025-12-23T01:16:14.151334+00:00,EUR/USD,m1,CLOSE,B,,,TradeID=69144172
2025-12-23T01:17:08.712725+00:00,GBP/USD,m1,CLOSE,B,,,TradeID=69144169
2025-12-23T01:17:08.723354+00:00,GBP/USD,m1,OPEN,S,1.34759,202512230115,SELL signal
2025-12-23T01:17:08.768373+00:00,GBP/USD,m1,CLOSE,B,,,TradeID=69144169
2025-12-23T01:57:14.637215+00:00,EUR/USD,m1,OPEN,S,1.1775,202512230155,SELL signal
2025-12-23T02:36:08.436732+00:00,GBP/USD,m1,OPEN,S,1.34821,202512230234,SELL signal
2025-12-23T02:54:13.095449+00:00,EUR/USD,m1,OPEN,S,1.17803,202512230252,SELL signal
2025-12-23T03:09:14.194762+00:00,GBP/USD,m1,OPEN,S,1.34876,202512230307,SELL signal
2025-12-23T03:30:14.323528+00:00,EUR/USD,m1,CLOSE,S,,,TradeID=69144215
2025-12-23T03:30:14.325842+00:00,EUR/USD,m1,OPEN,B,1.17734,202512230327,BUY signal
2025-12-23T03:30:14.333401+00:00,EUR/USD,m1,CLOSE,S,,,TradeID=69144215
2025-12-23T04:12:13.161841+00:00,EUR/USD,m1,CLOSE,B,,,TradeID=69144225
2025-12-23T04:12:13.184306+00:00,EUR/USD,m1,OPEN,S,1.17784,202512230409,SELL signal
2025-12-23T04:12:13.232511+00:00,EUR/USD,m1,CLOSE,B,,,TradeID=69144225
2025-12-23T04:16:14.713018+00:00,GBP/USD,m1,OPEN,S,1.34919,202512230414,SELL signal
2025-12-23T04:44:14.506827+00:00,EUR/USD,m1,CLOSE,S,,,TradeID=69144238
2025-12-23T04:44:14.508842+00:00,EUR/USD,m1,OPEN,B,1.17756,202512230442,BUY signal
2025-12-23T04:44:14.515859+00:00,EUR/USD,m1,CLOSE,S,,,TradeID=69144238
2025-12-23T04:55:15.561859+00:00,GBP/USD,m1,CLOSE,S,,,TradeID=69144242
2025-12-23T04:55:15.564857+00:00,GBP/USD,m1,OPEN,B,1.34855,202512230452,BUY signal
2025-12-23T04:55:15.574858+00:00,GBP/USD,m1,CLOSE,S,,,TradeID=69144242
2025-12-23T05:22:13.795533+00:00,EUR/USD,m1,CLOSE,B,,,TradeID=69144250
2025-12-23T05:22:13.798392+00:00,EUR/USD,m1,OPEN,S,1.17788,202512230520,SELL signal
2025-12-23T05:22:13.806689+00:00,EUR/USD,m1,CLOSE,B,,,TradeID=69144250
2025-12-23T05:26:12.833987+00:00,GBP/USD,m1,CLOSE,B,,,TradeID=69144253
2025-12-23T05:26:12.854111+00:00,GBP/USD,m1,OPEN,S,1.3492899999999999,202512230524,SELL signal
2025-12-23T05:26:12.891233+00:00,GBP/USD,m1,CLOSE,B,,,TradeID=69144253
2025-12-23T05:50:06.829928+00:00,USD/JPY,m1,CLOSE,B,,,TradeID=69144110
2025-12-23T05:50:06.845696+00:00,USD/JPY,m1,OPEN,S,156.05599999999998,202512230548,SELL signal
2025-12-23T05:50:06.877639+00:00,USD/JPY,m1,CLOSE,B,,,TradeID=69144110
2025-12-23T05:55:14.977186+00:00,EUR/USD,m1,CLOSE,S,,,TradeID=69144259
2025-12-23T05:55:14.980104+00:00,EUR/USD,m1,OPEN,B,1.17744,202512230552,BUY signal
2025-12-23T05:55:14.988437+00:00,EUR/USD,m1,CLOSE,S,,,TradeID=69144259
2025-12-23T06:01:07.711030+00:00,GBP/USD,m1,CLOSE,S,,,TradeID=69144261
2025-12-23T06:01:07.724224+00:00,GBP/USD,m1,OPEN,B,1.34887,202512230559,BUY signal
2025-12-23T06:01:07.753040+00:00,GBP/USD,m1,CLOSE,S,,,TradeID=69144261
2025-12-23T06:40:13.713688+00:00,GBP/USD,m1,OPEN,B,1.34825,202512230638,BUY signal
2025-12-23T07:06:14.071421+00:00,GBP/USD,m1,OPEN,S,1.34886,202512230703,SELL signal
2025-12-23T07:23:07.185357+00:00,EUR/USD,m1,OPEN,S,1.1774499999999999,202512230721,SELL signal
2025-12-23T07:27:06.972354+00:00,USD/JPY,m1,CLOSE,S,,,TradeID=69144295
2025-12-23T07:27:06.989501+00:00,USD/JPY,m1,OPEN,B,156.011,202512230724,BUY signal
2025-12-23T07:27:07.015280+00:00,USD/JPY,m1,CLOSE,S,,,TradeID=69144295
2025-12-23T07:37:14.589977+00:00,GBP/USD,m1,OPEN,S,1.34941,202512230735,SELL signal
2025-12-23T07:55:06.313715+00:00,GBP/USD,m1,OPEN,S,1.34988,202512230753,SELL signal
2025-12-23T07:56:07.160414+00:00,EUR/USD,m1,OPEN,S,1.1779,202512230754,SELL signal
2025-12-23T08:12:14.017202+00:00,EUR/USD,m1,OPEN,S,1.17836,202512230809,SELL signal
2025-12-23T09:12:13.817418+00:00,EUR/USD,m1,OPEN,S,1.17889,202512230910,SELL signal
2025-12-23T09:21:13.987320+00:00,GBP/USD,m1,OPEN,B,1.34989,202512230919,BUY signal
2025-12-23T09:59:13.590386+00:00,USD/JPY,m1,CLOSE,B,,,TradeID=69144384
2025-12-23T09:59:13.614803+00:00,USD/JPY,m1,OPEN,S,155.99699999999999,202512230955,SELL signal
2025-12-23T09:59:13.678930+00:00,USD/JPY,m1,CLOSE,B,,,TradeID=69144384
2025-12-23T10:27:15.551125+00:00,EUR/USD,m1,OPEN,S,1.17965,202512231025,SELL signal
2025-12-23T10:49:13.416707+00:00,USD/JPY,m1,CLOSE,S,,,TradeID=69144432
2025-12-23T10:49:13.437389+00:00,USD/JPY,m1,OPEN,B,155.878,202512231046,BUY signal
2025-12-23T10:49:13.490009+00:00,USD/JPY,m1,CLOSE,S,,,TradeID=69144432
2025-12-23T11:06:13.586314+00:00,GBP/USD,m1,OPEN,S,1.35182,202512231104,SELL signal
2025-12-23T11:24:06.734472+00:00,EUR/USD,m1,OPEN,B,1.17942,202512231121,BUY signal
2025-12-23T11:47:14.214421+00:00,GBP/USD,m1,OPEN,B,1.35066,202512231144,BUY signal
2025-12-23T11:50:14.498466+00:00,USD/JPY,m1,CLOSE,B,,,TradeID=69144445
2025-12-23T11:50:14.501501+00:00,USD/JPY,m1,OPEN,S,155.987,202512231148,SELL signal
2025-12-23T11:50:14.510535+00:00,USD/JPY,m1,CLOSE,B,,,TradeID=69144445
2025-12-23T12:16:07.440032+00:00,EUR/USD,m1,CLOSE,B,,,TradeID=69144464
2025-12-23T12:16:07.452276+00:00,EUR/USD,m1,OPEN,S,1.17998,202512231213,SELL signal
2025-12-23T12:16:07.485054+00:00,EUR/USD,m1,CLOSE,B,,,TradeID=69144464
2025-12-23T12:35:06.475644+00:00,USD/JPY,m1,CLOSE,S,,,TradeID=69144473
2025-12-23T12:35:06.483715+00:00,USD/JPY,m1,OPEN,B,155.891,202512231233,BUY signal
2025-12-23T12:35:06.510739+00:00,USD/JPY,m1,CLOSE,S,,,TradeID=69144473
2025-12-23T12:51:13.198591+00:00,EUR/USD,m1,CLOSE,S,,,TradeID=69144480
2025-12-23T12:51:13.219350+00:00,EUR/USD,m1,OPEN,B,1.17944,202512231249,BUY signal
2025-12-23T12:51:13.275991+00:00,EUR/USD,m1,CLOSE,S,,,TradeID=69144480
2025-12-23T12:54:13.191328+00:00,USD/JPY,m1,CLOSE,B,,,TradeID=69144486
2025-12-23T12:54:13.213407+00:00,USD/JPY,m1,OPEN,S,155.97,202512231252,SELL signal
2025-12-23T12:54:13.262865+00:00,USD/JPY,m1,CLOSE,B,,,TradeID=69144486
2025-12-23T12:56:12.936469+00:00,EUR/USD,m1,OPEN,B,1.17891,202512231254,BUY signal
2025-12-23T13:01:14.921668+00:00,GBP/USD,m1,OPEN,B,1.35023,202512231259,BUY signal
2025-12-23T13:11:14.909301+00:00,EUR/USD,m1,OPEN,B,1.17857,202512231309,BUY signal
2025-12-23T13:30:12.551766+00:00,GBP/USD,m1,CLOSE,B,,,TradeID=69144496
2025-12-23T13:30:12.582128+00:00,GBP/USD,m1,OPEN,S,1.35097,202512231328,SELL signal
2025-12-23T13:30:12.619267+00:00,GBP/USD,m1,CLOSE,B,,,TradeID=69144496
2025-12-23T13:32:05.575573+00:00,EUR/USD,m1,OPEN,B,1.17819,202512231330,BUY signal
2025-12-23T13:32:13.582041+00:00,GBP/USD,m1,OPEN,S,1.35097,202512231328,SELL signal
2025-12-23T13:33:14.293524+00:00,GBP/USD,m1,CLOSE,S,,,TradeID=69144518
2025-12-23T13:33:14.308414+00:00,GBP/USD,m1,OPEN,B,1.35005,202512231331,BUY signal
2025-12-23T13:33:14.364792+00:00,GBP/USD,m1,CLOSE,S,,,TradeID=69144518
2025-12-23T13:34:12.067409+00:00,GBP/USD,m1,CLOSE,B,,,TradeID=69144519
2025-12-23T13:35:13.610661+00:00,GBP/USD,m1,OPEN,B,1.35005,202512231331,BUY signal
2025-12-23T13:37:14.872594+00:00,GBP/USD,m1,OPEN,B,1.35005,202512231331,BUY signal
2025-12-23T13:40:13.975289+00:00,GBP/USD,m1,OPEN,S,1.35116,202512231338,SELL signal
2025-12-23T13:55:13.227529+00:00,GBP/USD,m1,OPEN,B,1.34994,202512231353,BUY signal
2025-12-23T14:02:13.819760+00:00,GBP/USD,m1,OPEN,B,1.34903,202512231400,BUY signal
2025-12-23T14:20:14.028813+00:00,GBP/USD,m1,OPEN,B,1.34881,202512231418,BUY signal
2025-12-23T14:54:12.781597+00:00,GBP/USD,m1,OPEN,B,1.3486799999999999,202512231452,BUY signal
2025-12-23T15:00:11.407322+00:00,USD/JPY,m1,CLOSE,S,,,TradeID=69144493
2025-12-23T15:00:11.423425+00:00,USD/JPY,m1,OPEN,B,156.382,202512231457,BUY signal
2025-12-23T15:00:11.464271+00:00,USD/JPY,m1,CLOSE,S,,,TradeID=69144493
2025-12-23T15:57:05.860476+00:00,GBP/USD,m1,OPEN,B,1.34743,202512231555,BUY signal
2025-12-23T16:09:10.360850+00:00,USD/JPY,m1,CLOSE,B,,,TradeID=69144600
2025-12-23T16:09:10.377375+00:00,USD/JPY,m1,OPEN,S,156.421,202512231607,SELL signal
2025-12-23T16:09:10.419397+00:00,USD/JPY,m1,CLOSE,B,,,TradeID=69144600
2025-12-23T16:24:09.281243+00:00,EUR/USD,m1,OPEN,S,1.17785,202512231622,SELL signal
2025-12-23T16:42:13.676824+00:00,USD/JPY,m1,CLOSE,S,,,TradeID=69144648
2025-12-23T16:42:13.679825+00:00,USD/JPY,m1,OPEN,B,156.33599999999998,202512231640,BUY signal
2025-12-23T16:42:13.688834+00:00,USD/JPY,m1,CLOSE,S,,,TradeID=69144648
2025-12-23T17:12:12.333026+00:00,GBP/USD,m1,OPEN,B,1.34794,202512231710,BUY signal
2025-12-23T17:18:13.924909+00:00,GBP/USD,m1,OPEN,B,1.34754,202512231716,BUY signal
2025-12-23T17:30:06.498197+00:00,EUR/USD,m1,CLOSE,S,,,TradeID=69144656
2025-12-23T17:30:06.508009+00:00,EUR/USD,m1,OPEN,B,1.1771,202512231727,BUY signal
2025-12-23T17:30:06.532865+00:00,EUR/USD,m1,CLOSE,S,,,TradeID=69144656
2025-12-23T17:58:06.530449+00:00,GBP/USD,m1,OPEN,B,1.34712,202512231756,BUY signal
2025-12-23T18:21:12.117476+00:00,GBP/USD,m1,OPEN,S,1.34813,202512231819,SELL signal
2025-12-23T18:25:13.464514+00:00,EUR/USD,m1,CLOSE,B,,,TradeID=69144685
2025-12-23T18:25:13.467122+00:00,EUR/USD,m1,OPEN,S,1.17768,202512231823,SELL signal
2025-12-23T18:25:13.475798+00:00,EUR/USD,m1,CLOSE,B,,,TradeID=69144685
2025-12-23T18:57:12.691833+00:00,GBP/USD,m1,OPEN,S,1.34874,202512231854,SELL signal
2025-12-23T19:13:06.974870+00:00,GBP/USD,m1,OPEN,S,1.34966,202512231911,SELL signal
2025-12-23T19:13:15.694871+00:00,EUR/USD,m1,OPEN,S,1.1788,202512231911,SELL signal
2025-12-23T19:52:13.339418+00:00,USD/JPY,m1,CLOSE,B,,,TradeID=69144662
2025-12-23T19:52:13.358181+00:00,USD/JPY,m1,OPEN,S,156.243,202512231949,SELL signal
2025-12-23T19:52:13.406236+00:00,USD/JPY,m1,CLOSE,B,,,TradeID=69144662
2025-12-23T19:58:12.467097+00:00,EUR/USD,m1,OPEN,S,1.17908,202512231956,SELL signal
2025-12-23T20:21:10.783714+00:00,GBP/USD,m1,OPEN,S,1.34992,202512232019,SELL signal
2025-12-23T21:08:05.835863+00:00,GBP/USD,m1,OPEN,S,1.35011,202512232105,SELL signal
2025-12-23T21:27:14.692217+00:00,EUR/USD,m1,CLOSE,S,,,TradeID=69144787
2025-12-23T21:27:14.695215+00:00,EUR/USD,m1,OPEN,B,1.1788399999999999,202512232124,BUY signal
2025-12-23T21:27:14.703436+00:00,EUR/USD,m1,CLOSE,S,,,TradeID=69144787
2025-12-23T21:34:13.501966+00:00,USD/JPY,m1,CLOSE,S,,,TradeID=69144771
2025-12-23T21:34:13.504959+00:00,USD/JPY,m1,OPEN,B,156.237,202512232131,BUY signal
2025-12-23T21:34:13.512125+00:00,USD/JPY,m1,CLOSE,S,,,TradeID=69144771
2025-12-23T21:55:12.399985+00:00,EUR/USD,m1,CLOSE,B,,,TradeID=69144848
2025-12-23T21:55:12.420022+00:00,EUR/USD,m1,OPEN,S,1.17967,202512232153,SELL signal
2025-12-23T21:55:12.463799+00:00,EUR/USD,m1,CLOSE,B,,,TradeID=69144848
2025-12-23T22:16:13.767537+00:00,GBP/USD,m1,OPEN,B,1.34994,202512232214,BUY signal
2025-12-23T22:18:05.600179+00:00,GBP/USD,m1,OPEN,B,1.34994,202512232214,BUY signal
2025-12-23T23:06:13.752137+00:00,GBP/USD,m1,OPEN,S,1.35167,202512232304,SELL signal
2025-12-23T23:34:06.212229+00:00,USD/JPY,m1,CLOSE,B,,,TradeID=69144851
2025-12-23T23:34:06.227330+00:00,USD/JPY,m1,OPEN,S,156.197,202512232331,SELL signal
2025-12-23T23:34:06.269555+00:00,USD/JPY,m1,CLOSE,B,,,TradeID=69144851
2025-12-24T00:27:06.201308+00:00,EUR/USD,m1,CLOSE,S,,,TradeID=69144856
2025-12-24T00:27:06.215533+00:00,EUR/USD,m1,OPEN,B,1.1792,202512240025,BUY signal
2025-12-24T00:27:06.256351+00:00,EUR/USD,m1,CLOSE,S,,,TradeID=69144856
2025-12-24T00:30:13.404378+00:00,GBP/USD,m1,CLOSE,S,,,TradeID=69144873
2025-12-24T00:30:13.408595+00:00,GBP/USD,m1,OPEN,B,1.35087,202512240027,BUY signal
2025-12-24T00:30:13.416006+00:00,GBP/USD,m1,CLOSE,S,,,TradeID=69144873
2025-12-24T01:03:13.990480+00:00,EUR/USD,m1,CLOSE,B,,,TradeID=69144934
2025-12-24T01:03:13.993725+00:00,EUR/USD,m1,OPEN,S,1.17991,202512240101,SELL signal
2025-12-24T01:03:14.001728+00:00,EUR/USD,m1,CLOSE,B,,,TradeID=69144934
2025-12-24T01:11:11.369890+00:00,GBP/USD,m1,CLOSE,B,,,TradeID=69144936
2025-12-24T01:11:11.388647+00:00,GBP/USD,m1,OPEN,S,1.35151,202512240109,SELL signal
2025-12-24T01:11:11.422671+00:00,GBP/USD,m1,CLOSE,B,,,TradeID=69144936
2025-12-24T01:38:11.557671+00:00,EUR/USD,m1,OPEN,S,1.18036,202512240135,SELL signal
2025-12-24T01:40:06.169842+00:00,USD/JPY,m1,CLOSE,S,,,TradeID=69144905
2025-12-24T01:40:06.183556+00:00,USD/JPY,m1,OPEN,B,155.745,202512240138,BUY signal
2025-12-24T01:40:06.230724+00:00,USD/JPY,m1,CLOSE,S,,,TradeID=69144905
2025-12-24T01:56:06.508784+00:00,GBP/USD,m1,OPEN,S,1.35317,202512240154,SELL signal
2025-12-24T02:36:12.465028+00:00,EUR/USD,m1,CLOSE,S,,,TradeID=69144959
2025-12-24T02:36:12.482046+00:00,EUR/USD,m1,OPEN,B,1.18003,202512240234,BUY signal
2025-12-24T02:36:12.513505+00:00,EUR/USD,m1,CLOSE,S,,,TradeID=69144959
2025-12-24T02:36:14.051257+00:00,GBP/USD,m1,CLOSE,S,,,TradeID=69144968
2025-12-24T02:36:14.055504+00:00,GBP/USD,m1,OPEN,B,1.35271,202512240234,BUY signal
2025-12-24T02:36:14.063084+00:00,GBP/USD,m1,CLOSE,S,,,TradeID=69144968
2025-12-24T02:43:13.943388+00:00,USD/JPY,m1,CLOSE,B,,,TradeID=69144961
2025-12-24T02:43:13.946378+00:00,USD/JPY,m1,OPEN,S,155.71599999999998,202512240241,SELL signal
2025-12-24T02:43:13.954405+00:00,USD/JPY,m1,CLOSE,B,,,TradeID=69144961
2025-12-24T03:04:06.021193+00:00,GBP/USD,m1,OPEN,B,1.35243,202512240301,BUY signal
2025-12-24T03:11:13.856875+00:00,EUR/USD,m1,OPEN,B,1.17918,202512240309,BUY signal
2025-12-24T03:45:06.046936+00:00,GBP/USD,m1,OPEN,B,1.35158,202512240343,BUY signal
2025-12-24T03:58:15.018092+00:00,EUR/USD,m1,OPEN,B,1.1787,202512240356,BUY signal
2025-12-24T04:41:14.023477+00:00,USD/JPY,m1,CLOSE,S,,,TradeID=69144991
2025-12-24T04:41:14.037333+00:00,USD/JPY,m1,OPEN,B,155.85299999999998,202512240439,BUY signal
2025-12-24T04:41:14.075285+00:00,USD/JPY,m1,CLOSE,S,,,TradeID=69144991
2025-12-24T04:43:16.915824+00:00,EUR/USD,m1,CLOSE,B,,,TradeID=69145037
2025-12-24T04:43:16.919840+00:00,EUR/USD,m1,OPEN,S,1.1791,202512240441,SELL signal
2025-12-24T04:43:16.926841+00:00,EUR/USD,m1,CLOSE,B,,,TradeID=69145037
2025-12-24T05:36:06.721199+00:00,GBP/USD,m1,OPEN,S,1.35164,202512240533,SELL signal
2025-12-24T05:47:15.397302+00:00,EUR/USD,m1,OPEN,S,1.17986,202512240544,SELL signal
2025-12-24T05:59:13.497151+00:00,GBP/USD,m1,OPEN,S,1.35221,202512240557,SELL signal
2025-12-24T06:43:13.970874+00:00,EUR/USD,m1,OPEN,S,1.1803299999999999,202512240641,SELL signal
2025-12-24T07:06:15.538469+00:00,USD/JPY,m1,CLOSE,B,,,TradeID=69145048
2025-12-24T07:06:15.541851+00:00,USD/JPY,m1,OPEN,S,155.802,202512240703,SELL signal
2025-12-24T07:06:15.550061+00:00,USD/JPY,m1,CLOSE,B,,,TradeID=69145048
2025-12-24T07:10:07.182414+00:00,EUR/USD,m1,CLOSE,S,,,TradeID=69145132
2025-12-24T07:10:07.202486+00:00,EUR/USD,m1,OPEN,B,1.17966,202512240708,BUY signal
2025-12-24T07:10:07.238624+00:00,EUR/USD,m1,CLOSE,S,,,TradeID=69145132
2025-12-24T07:19:07.253224+00:00,GBP/USD,m1,CLOSE,S,,,TradeID=69145105
2025-12-24T07:19:07.271449+00:00,GBP/USD,m1,OPEN,B,1.35157,202512240717,BUY signal
2025-12-24T07:19:07.310065+00:00,GBP/USD,m1,CLOSE,S,,,TradeID=69145105
2025-12-24T07:19:16.250581+00:00,EUR/USD,m1,OPEN,B,1.17931,202512240717,BUY signal
2025-12-24T07:35:13.847335+00:00,GBP/USD,m1,OPEN,B,1.35117,202512240733,BUY signal
2025-12-24T07:51:06.938850+00:00,EUR/USD,m1,OPEN,B,1.1787,202512240748,BUY signal
2025-12-24T08:08:07.015963+00:00,GBP/USD,m1,OPEN,B,1.35071,202512240805,BUY signal
2025-12-24T08:14:06.977489+00:00,GBP/USD,m1,OPEN,B,1.35066,202512240811,BUY signal
2025-12-24T08:53:15.639738+00:00,GBP/USD,m1,OPEN,S,1.35178,202512240849,SELL signal
2025-12-24T08:58:07.223899+00:00,USD/JPY,m1,CLOSE,S,,,TradeID=69145180
2025-12-24T08:58:07.241374+00:00,USD/JPY,m1,OPEN,B,155.759,202512240856,BUY signal
2025-12-24T08:58:07.290204+00:00,USD/JPY,m1,CLOSE,S,,,TradeID=69145180
2025-12-24T09:01:15.763881+00:00,GBP/USD,m1,OPEN,S,1.35219,202512240859,SELL signal
2025-12-24T09:17:13.890531+00:00,GBP/USD,m1,OPEN,S,1.3527,202512240915,SELL signal
2025-12-24T09:19:13.675916+00:00,EUR/USD,m1,OPEN,S,1.1800599999999999,202512240917,SELL signal
2025-12-24T10:24:12.149581+00:00,USD/JPY,m1,CLOSE,B,,,TradeID=69145222
2025-12-24T10:24:12.175269+00:00,USD/JPY,m1,OPEN,S,155.914,202512241021,SELL signal
2025-12-24T10:24:12.201720+00:00,USD/JPY,m1,CLOSE,B,,,TradeID=69145222
2025-12-24T10:48:12.397486+00:00,GBP/USD,m1,OPEN,B,1.35128,202512241046,BUY signal
2025-12-24T10:48:15.499292+00:00,EUR/USD,m1,CLOSE,S,,,TradeID=69145230
2025-12-24T10:48:15.502805+00:00,EUR/USD,m1,OPEN,B,1.17916,202512241046,BUY signal
2025-12-24T10:48:15.510155+00:00,EUR/USD,m1,CLOSE,S,,,TradeID=69145230
2025-12-24T12:25:10.794431+00:00,GBP/USD,m1,OPEN,B,1.35071,202512241223,BUY signal
2025-12-24T12:44:15.622693+00:00,EUR/USD,m1,OPEN,B,1.17848,202512241242,BUY signal
2025-12-24T12:59:15.337155+00:00,GBP/USD,m1,OPEN,B,1.35016,202512241257,BUY signal
2025-12-24T13:36:16.699259+00:00,EUR/USD,m1,CLOSE,B,,,TradeID=69145294
2025-12-24T13:36:16.701566+00:00,EUR/USD,m1,OPEN,S,1.17902,202512241334,SELL signal
2025-12-24T13:36:16.709885+00:00,EUR/USD,m1,CLOSE,B,,,TradeID=69145294
2025-12-24T13:45:06.519093+00:00,GBP/USD,m1,CLOSE,B,,,TradeID=69145300
2025-12-24T13:45:06.525079+00:00,GBP/USD,m1,OPEN,S,1.35081,202512241342,SELL signal
2025-12-24T13:45:06.536754+00:00,GBP/USD,m1,CLOSE,B,,,TradeID=69145300
2025-12-24T14:02:15.316374+00:00,EUR/USD,m1,CLOSE,S,,,TradeID=69145311
2025-12-24T14:02:15.319467+00:00,EUR/USD,m1,OPEN,B,1.17843,202512241400,BUY signal
2025-12-24T14:02:15.325817+00:00,EUR/USD,m1,CLOSE,S,,,TradeID=69145311
2025-12-24T14:29:15.147952+00:00,USD/JPY,m1,CLOSE,S,,,TradeID=69145246
2025-12-24T14:29:15.150512+00:00,USD/JPY,m1,OPEN,B,155.93699999999998,202512241427,BUY signal
2025-12-24T14:29:15.158796+00:00,USD/JPY,m1,CLOSE,S,,,TradeID=69145246
2025-12-24T14:40:15.231489+00:00,GBP/USD,m1,CLOSE,S,,,TradeID=69145316
2025-12-24T14:40:15.236321+00:00,GBP/USD,m1,OPEN,B,1.35027,202512241438,BUY signal
2025-12-24T14:40:15.243796+00:00,GBP/USD,m1,CLOSE,S,,,TradeID=69145316
2025-12-24T14:56:06.771251+00:00,GBP/USD,m1,OPEN,B,1.34976,202512241454,BUY signal
2025-12-24T14:56:11.262423+00:00,EUR/USD,m1,OPEN,B,1.17781,202512241454,BUY signal
2025-12-24T15:32:06.487155+00:00,GBP/USD,m1,OPEN,S,1.35069,202512241530,SELL signal
2025-12-24T15:39:15.473179+00:00,USD/JPY,m1,CLOSE,B,,,TradeID=69145347
2025-12-24T15:39:15.476572+00:00,USD/JPY,m1,OPEN,S,155.857,202512241537,SELL signal
2025-12-24T15:39:15.483578+00:00,USD/JPY,m1,CLOSE,B,,,TradeID=69145347
2025-12-24T16:27:14.490495+00:00,EUR/USD,m1,OPEN,B,1.17744,202512241625,BUY signal
2025-12-24T16:29:07.001458+00:00,GBP/USD,m1,CLOSE,S,,,TradeID=69145379
2025-12-24T16:29:07.007334+00:00,GBP/USD,m1,OPEN,B,1.34998,202512241627,BUY signal
2025-12-24T16:29:07.017598+00:00,GBP/USD,m1,CLOSE,S,,,TradeID=69145379
2025-12-24T16:40:11.312576+00:00,GBP/USD,m1,CLOSE,B,,,TradeID=69145411
2025-12-24T16:40:11.331858+00:00,GBP/USD,m1,OPEN,S,1.35089,202512241638,SELL signal
2025-12-24T16:40:11.363198+00:00,GBP/USD,m1,CLOSE,B,,,TradeID=69145411
2025-12-24T17:04:07.020794+00:00,EUR/USD,m1,CLOSE,B,,,TradeID=69145409
2025-12-24T17:04:07.025086+00:00,EUR/USD,m1,OPEN,S,1.17811,202512241702,SELL signal
2025-12-24T17:04:07.033349+00:00,EUR/USD,m1,CLOSE,B,,,TradeID=69145409
2025-12-24T17:55:12.289157+00:00,EUR/USD,m1,CLOSE,S,,,TradeID=69145426
2025-12-24T17:55:12.311343+00:00,EUR/USD,m1,OPEN,B,1.17776,202512241753,BUY signal
2025-12-24T17:55:12.339545+00:00,EUR/USD,m1,CLOSE,S,,,TradeID=69145426
2025-12-24T17:55:15.320461+00:00,GBP/USD,m1,CLOSE,S,,,TradeID=69145415
2025-12-24T17:55:15.324893+00:00,GBP/USD,m1,OPEN,B,1.34986,202512241753,BUY signal
2025-12-24T17:55:15.332788+00:00,GBP/USD,m1,CLOSE,S,,,TradeID=69145415
2025-12-24T17:59:11.997910+00:00,GBP/USD,m1,OPEN,B,1.34947,202512241757,BUY signal
2025-12-24T18:01:11.593466+00:00,EUR/USD,m1,OPEN,B,1.17739,202512241758,BUY signal
2025-12-24T18:47:15.135739+00:00,USD/JPY,m1,CLOSE,S,,,TradeID=69145384
2025-12-24T18:47:15.137975+00:00,USD/JPY,m1,OPEN,B,155.96099999999998,202512241844,BUY signal
2025-12-24T18:47:15.146892+00:00,USD/JPY,m1,CLOSE,S,,,TradeID=69145384
2025-12-26T06:35:06.162731+00:00,EUR/USD,m1,OPEN,S,1.17851,202512260632,SELL signal
2025-12-26T06:48:12.027541+00:00,USD/JPY,m1,CLOSE,B,,,TradeID=69145460
2025-12-26T06:48:12.031133+00:00,USD/JPY,m1,OPEN,S,156.28,202512260646,SELL signal
2025-12-26T06:48:12.041578+00:00,USD/JPY,m1,CLOSE,B,,,TradeID=69145460
2025-12-26T06:57:08.874238+00:00,GBP/USD,m1,OPEN,B,1.34889,202512260655,BUY signal
2025-12-26T07:04:05.893028+00:00,GBP/USD,m1,OPEN,B,1.34855,202512260702,BUY signal
2025-12-26T07:21:12.005714+00:00,EUR/USD,m1,OPEN,B,1.17726,202512260719,BUY signal
2025-12-26T07:30:05.889787+00:00,USD/JPY,m1,CLOSE,S,,,TradeID=69145922
2025-12-26T07:30:05.892780+00:00,USD/JPY,m1,OPEN,B,156.226,202512260728,BUY signal
2025-12-26T07:30:05.901688+00:00,USD/JPY,m1,CLOSE,S,,,TradeID=69145922
2025-12-26T07:46:11.748774+00:00,GBP/USD,m1,OPEN,B,1.34811,202512260744,BUY signal
2025-12-26T07:56:09.104929+00:00,USD/JPY,m1,CLOSE,B,,,TradeID=69145950
2025-12-26T07:56:09.109307+00:00,USD/JPY,m1,OPEN,S,156.433,202512260753,SELL signal
2025-12-26T07:56:09.118010+00:00,USD/JPY,m1,CLOSE,B,,,TradeID=69145950
2025-12-26T08:04:06.035744+00:00,EUR/USD,m1,OPEN,B,1.17678,202512260802,BUY signal
2025-12-26T08:30:11.980228+00:00,GBP/USD,m1,CLOSE,B,,,TradeID=69145954
2025-12-26T08:30:11.982988+00:00,GBP/USD,m1,OPEN,S,1.34906,202512260828,SELL signal
2025-12-26T08:30:11.991542+00:00,GBP/USD,m1,CLOSE,B,,,TradeID=69145954
2025-12-26T08:55:11.996713+00:00,EUR/USD,m1,CLOSE,B,,,TradeID=69145960
2025-12-26T08:55:11.998795+00:00,EUR/USD,m1,OPEN,S,1.1776,202512260853,SELL signal
2025-12-26T08:55:12.007512+00:00,EUR/USD,m1,CLOSE,B,,,TradeID=69145960
2025-12-26T09:07:12.508622+00:00,GBP/USD,m1,OPEN,S,1.34976,202512260905,SELL signal
2025-12-26T09:32:12.722397+00:00,EUR/USD,m1,CLOSE,S,,,TradeID=69145991
2025-12-26T09:32:12.724963+00:00,EUR/USD,m1,OPEN,B,1.17696,202512260930,BUY signal
2025-12-26T09:32:12.733444+00:00,EUR/USD,m1,CLOSE,S,,,TradeID=69145991
2025-12-26T09:40:06.092684+00:00,GBP/USD,m1,OPEN,B,1.34835,202512260938,BUY signal
2025-12-26T10:16:09.122898+00:00,GBP/USD,m1,CLOSE,B,,,TradeID=69146003
2025-12-26T10:16:09.126027+00:00,GBP/USD,m1,OPEN,S,1.34898,202512261014,SELL signal
2025-12-26T10:16:09.134460+00:00,GBP/USD,m1,CLOSE,B,,,TradeID=69146003
2025-12-26T10:16:12.399607+00:00,EUR/USD,m1,CLOSE,B,,,TradeID=69146000
2025-12-26T10:16:12.403091+00:00,EUR/USD,m1,OPEN,S,1.17754,202512261014,SELL signal
2025-12-26T10:16:12.411048+00:00,EUR/USD,m1,CLOSE,B,,,TradeID=69146000
2025-12-26T10:21:09.262535+00:00,USD/JPY,m1,CLOSE,S,,,TradeID=69145957
2025-12-26T10:21:09.265545+00:00,USD/JPY,m1,OPEN,B,156.36499999999998,202512261019,BUY signal
2025-12-26T10:21:09.273542+00:00,USD/JPY,m1,CLOSE,S,,,TradeID=69145957
2025-12-26T11:26:09.156927+00:00,EUR/USD,m1,OPEN,S,1.17818,202512261124,SELL signal
2025-12-26T12:07:09.460565+00:00,USD/JPY,m1,CLOSE,B,,,TradeID=69146014
2025-12-26T12:07:09.465050+00:00,USD/JPY,m1,OPEN,S,156.44899999999998,202512261205,SELL signal
2025-12-26T12:07:09.473021+00:00,USD/JPY,m1,CLOSE,B,,,TradeID=69146014
2025-12-26T12:22:09.743226+00:00,EUR/USD,m1,CLOSE,S,,,TradeID=69146028
2025-12-26T12:22:09.746761+00:00,EUR/USD,m1,OPEN,B,1.17747,202512261220,BUY signal
2025-12-26T12:22:09.752757+00:00,EUR/USD,m1,CLOSE,S,,,TradeID=69146028
2025-12-26T12:22:12.840607+00:00,GBP/USD,m1,OPEN,B,1.3489,202512261220,BUY signal
2025-12-26T12:47:06.310649+00:00,EUR/USD,m1,CLOSE,B,,,TradeID=69146044
2025-12-26T12:47:06.313954+00:00,EUR/USD,m1,OPEN,S,1.17778,202512261245,SELL signal
2025-12-26T12:47:06.322984+00:00,EUR/USD,m1,CLOSE,B,,,TradeID=69146044
2025-12-26T13:03:09.650846+00:00,EUR/USD,m1,OPEN,S,1.1784,202512261301,SELL signal
2025-12-26T13:05:09.270208+00:00,USD/JPY,m1,CLOSE,S,,,TradeID=69146038
2025-12-26T13:05:09.274204+00:00,USD/JPY,m1,OPEN,B,156.39499999999998,202512261303,BUY signal
2025-12-26T13:05:09.281203+00:00,USD/JPY,m1,CLOSE,S,,,TradeID=69146038
2025-12-26T13:07:12.626947+00:00,GBP/USD,m1,CLOSE,B,,,TradeID=69146045
2025-12-26T13:07:12.630948+00:00,GBP/USD,m1,OPEN,S,1.34988,202512261305,SELL signal
2025-12-26T13:07:12.638331+00:00,GBP/USD,m1,CLOSE,B,,,TradeID=69146045
2025-12-26T13:13:12.631579+00:00,EUR/USD,m1,OPEN,S,1.17932,202512261310,SELL signal
2025-12-26T13:22:05.597693+00:00,GBP/USD,m1,OPEN,S,1.3506799999999999,202512261320,SELL signal
2025-12-26T14:25:09.880229+00:00,EUR/USD,m1,CLOSE,S,,,TradeID=69146060
2025-12-26T14:25:09.883250+00:00,EUR/USD,m1,OPEN,B,1.17891,202512261422,BUY signal
2025-12-26T14:25:09.890861+00:00,EUR/USD,m1,CLOSE,S,,,TradeID=69146060
2025-12-26T14:33:09.505311+00:00,GBP/USD,m1,OPEN,B,1.35106,202512261431,BUY signal
2025-12-26T14:36:12.882949+00:00,USD/JPY,m1,CLOSE,B,,,TradeID=69146057
2025-12-26T14:36:12.884971+00:00,USD/JPY,m1,OPEN,S,156.381,202512261433,SELL signal
2025-12-26T14:36:12.898760+00:00,USD/JPY,m1,CLOSE,B,,,TradeID=69146057
2025-12-26T14:50:09.682975+00:00,EUR/USD,m1,OPEN,B,1.17825,202512261448,BUY signal
2025-12-26T15:20:09.669800+00:00,EUR/USD,m1,CLOSE,B,,,TradeID=69146100
2025-12-26T15:20:09.673204+00:00,EUR/USD,m1,OPEN,S,1.17918,202512261518,SELL signal
2025-12-26T15:20:09.681834+00:00,EUR/USD,m1,CLOSE,B,,,TradeID=69146100
2025-12-26T15:22:09.284818+00:00,GBP/USD,m1,OPEN,S,1.35246,202512261520,SELL signal
2025-12-26T15:45:09.330304+00:00,GBP/USD,m1,OPEN,B,1.35106,202512261543,BUY signal
2025-12-26T15:52:09.363345+00:00,EUR/USD,m1,CLOSE,S,,,TradeID=69146119
2025-12-26T15:52:09.366325+00:00,EUR/USD,m1,OPEN,B,1.1782299999999999,202512261550,BUY signal
2025-12-26T15:52:09.374462+00:00,EUR/USD,m1,CLOSE,S,,,TradeID=69146119
2025-12-26T15:56:09.310624+00:00,GBP/USD,m1,OPEN,B,1.3505,202512261554,BUY signal
2025-12-26T15:58:09.670004+00:00,EUR/USD,m1,OPEN,B,1.17729,202512261556,BUY signal
2025-12-26T16:07:06.490812+00:00,GBP/USD,m1,OPEN,B,1.34996,202512261605,BUY signal
2025-12-26T16:13:06.054114+00:00,GBP/USD,m1,OPEN,B,1.34944,202512261611,BUY signal
2025-12-26T16:13:12.649924+00:00,EUR/USD,m1,OPEN,B,1.17707,202512261611,BUY signal
2025-12-26T16:29:10.040457+00:00,EUR/USD,m1,OPEN,B,1.17633,202512261627,BUY signal
2025-12-26T17:44:14.619923+00:00,GBP/USD,m1,OPEN,S,1.34913,202512261742,SELL signal
2025-12-26T17:48:09.942560+00:00,USD/JPY,m1,CLOSE,S,,,TradeID=69146093
2025-12-26T17:48:09.947610+00:00,USD/JPY,m1,OPEN,B,156.583,202512261746,BUY signal
2025-12-26T17:48:09.967382+00:00,USD/JPY,m1,CLOSE,S,,,TradeID=69146093
2025-12-26T17:54:12.983762+00:00,GBP/USD,m1,OPEN,S,1.34947,202512261752,SELL signal
2025-12-26T18:03:06.209605+00:00,EUR/USD,m1,CLOSE,B,,,TradeID=69146162
2025-12-26T18:03:06.212353+00:00,EUR/USD,m1,OPEN,S,1.1771,202512261800,SELL signal
2025-12-26T18:03:06.219887+00:00,EUR/USD,m1,CLOSE,B,,,TradeID=69146162
2025-12-26T18:44:10.027424+00:00,GBP/USD,m1,OPEN,S,1.34995,202512261842,SELL signal
2025-12-26T19:12:10.350032+00:00,EUR/USD,m1,CLOSE,S,,,TradeID=69146192
2025-12-26T19:12:10.352041+00:00,EUR/USD,m1,OPEN,B,1.17694,202512261910,BUY signal
2025-12-26T19:12:10.363506+00:00,EUR/USD,m1,CLOSE,S,,,TradeID=69146192
2025-12-26T19:12:13.839589+00:00,GBP/USD,m1,CLOSE,S,,,TradeID=69146214
2025-12-26T19:12:13.842980+00:00,GBP/USD,m1,OPEN,B,1.34919,202512261910,BUY signal
2025-12-26T19:12:13.851228+00:00,GBP/USD,m1,CLOSE,S,,,TradeID=69146214
2025-12-26T19:13:09.977258+00:00,USD/JPY,m1,CLOSE,B,,,TradeID=69146186
2025-12-26T19:13:09.979730+00:00,USD/JPY,m1,OPEN,S,156.59099999999998,202512261910,SELL signal
2025-12-26T19:13:09.987773+00:00,USD/JPY,m1,CLOSE,B,,,TradeID=69146186
2025-12-26T19:20:13.906058+00:00,EUR/USD,m1,CLOSE,B,,,TradeID=69146221
2025-12-26T19:20:13.909183+00:00,EUR/USD,m1,OPEN,S,1.17739,202512261918,SELL signal
2025-12-26T19:20:13.916217+00:00,EUR/USD,m1,CLOSE,B,,,TradeID=69146221
2025-12-26T20:04:13.794118+00:00,GBP/USD,m1,OPEN,S,1.35055,202512262002,SELL signal
2025-12-26T20:05:06.327496+00:00,USD/JPY,m1,CLOSE,S,,,TradeID=69146223
2025-12-26T20:05:06.330672+00:00,USD/JPY,m1,OPEN,B,156.447,202512262003,BUY signal
2025-12-26T20:05:06.338835+00:00,USD/JPY,m1,CLOSE,S,,,TradeID=69146223
2025-12-26T20:57:06.641533+00:00,EUR/USD,m1,OPEN,B,1.17732,202512262055,BUY signal
2025-12-26T21:12:06.255725+00:00,USD/JPY,m1,CLOSE,B,,,TradeID=69146239
2025-12-26T21:12:06.259325+00:00,USD/JPY,m1,OPEN,S,156.539,202512262109,SELL signal
2025-12-26T21:12:06.266204+00:00,USD/JPY,m1,CLOSE,B,,,TradeID=69146239
2025-12-26T21:34:10.228485+00:00,GBP/USD,m1,CLOSE,S,,,TradeID=69146238
2025-12-26T21:34:10.231914+00:00,GBP/USD,m1,OPEN,B,1.34992,202512262132,BUY signal
2025-12-26T21:34:10.241840+00:00,GBP/USD,m1,CLOSE,S,,,TradeID=69146238
2025-12-26T21:40:13.829555+00:00,GBP/USD,m1,OPEN,B,1.3492,202512262138,BUY signal
